-- phpMyAdmin SQL Dump
-- version 3.4.5
-- http://www.phpmyadmin.net
--
-- Servidor: localhost
-- Tiempo de generación: 02-08-2012 a las 11:48:25
-- Versión del servidor: 5.5.16
-- Versión de PHP: 5.3.8

SET SQL_MODE="NO_AUTO_VALUE_ON_ZERO";
SET time_zone = "+00:00";


/*!40101 SET @OLD_CHARACTER_SET_CLIENT=@@CHARACTER_SET_CLIENT */;
/*!40101 SET @OLD_CHARACTER_SET_RESULTS=@@CHARACTER_SET_RESULTS */;
/*!40101 SET @OLD_COLLATION_CONNECTION=@@COLLATION_CONNECTION */;
/*!40101 SET NAMES utf8 */;

--
-- Base de datos: `sevibus`
--

-- --------------------------------------------------------

--
-- Estructura de tabla para la tabla `lineas`
--

CREATE TABLE IF NOT EXISTS `lineas` (
  `_id` int(11) NOT NULL,
  `nombre` text,
  `trayecto` text,
  `color` int(11) DEFAULT NULL,
  `circular` int(11) DEFAULT NULL,
  PRIMARY KEY (`_id`)
) ENGINE=InnoDB DEFAULT CHARSET=latin1;

--
-- Volcado de datos para la tabla `lineas`
--

INSERT INTO `lineas` (`_id`, `nombre`, `trayecto`, `color`, `circular`) VALUES
(1, '1', 'San Lazaro,av. (doctor Morote) - Plus Ultra,gta.(frt.est.b.villamarin)', 16073258, 0),
(2, '10', 'Ponce De León,plaza(isleta 2) - Medina Y Galnares (cataluña)', 8548, 0),
(3, '11', 'Ponce De León,plaza(isleta 1, Ext.,det.) - Comunidad Extremeña', 8548, 0),
(4, '12', 'Ponce De León,plaza (isleta 1,interior) - Sembradores (parque Bomberos)', 8548, 0),
(5, '13', 'Duque,plaza (jardines,det.) - Oceanografica, Gta. (parque Emp.torneo)', 8548, 0),
(6, '14', 'Duque,plaza (jardines,del.) - Dr. Jaime Marcos (dr.fedriani)', 8548, 0),
(7, '15', 'Jeronimo De Cordoba (jauregui, Del) - Asoc.de Vecinos,av. (mujer Trabajadora)', 8548, 0),
(8, '16', 'Jerónimo De Córdoba,p. (supermercado) - Halcón (terminal)', 8548, 0),
(9, '2', 'Barqueta (resolana,del.) - A.f.parias Merry,gta (bar Parada)', 16073258, 0),
(10, '20', 'Jeronimo De Cordoba (jauregui, Det) - Pedro Romero,av. (antioquia)', 13158, 0),
(11, '21', 'Menendez Pelayo,av. (2ª Juzgados,det.) - Pedro Romero,av. (antioquia)', 13158, 0),
(12, '22', 'Carlos V,av. (5ª,dir. Pasarela) - Emilio Lemos, Avda. (vietnam)', 13158, 0),
(14, '24', 'Ponce De León,plaza (isleta 4) - Glorieta Forja Xxi (esq. Baena)', 13158, 0),
(15, '25', 'Carlos V,av. (4ª,dir. Pasarela) - Doña Francisquita (la Calesera)', 13158, 0),
(16, '26', 'Prado - 26, A5, 25, 22 - Águila Perdicera (bda.la Música)', 13158, 0),
(17, '27', 'Ponce De León,plaza (isleta 3) - La Aeronautica,av. (frt.edif.helios)', 13158, 0),
(18, '28', 'Carlos V,av. (2ª,dir. Diego Riaño) - Ciudad De Chiva,av. (frt.pza.collao)', 13158, 0),
(19, '29', 'Carlos V, Av. (1ª,dir. Pasarela) - Malaga,aux.autovia (torremont.)', 13158, 0),
(20, '29a', 'Andalucia Residenc. (edificio Malaga) - Parsi, Av. (las Melias)', 0, 0),
(21, '30', 'Carlos V,av. (5ª,diego De Riaño) - La Paz,av. (420 Viviendas)', 13158, 0),
(22, '31', 'Carlos V,av. (4ª,diego De Riaño) - Luis Ortiz Muñoz (j.sebast.bandaran)', 13158, 0),
(23, '32', 'Ponce De León,plaza (isleta 5) - Victoria Domguez.cerrato (col.alb.lista)', 13158, 0),
(24, '34', 'El Cid, Av. (consulado Portugal) - Paseo De Europa (lyon)', 13158, 0),
(25, '37', 'Carlos V,av. (1ª,diego De Riaño) - Isla Menor,carrtra. (rot.inst.la Grasa)', 13158, 0),
(26, '38', 'Carlos V,av. (6ª,diego De Riaño) - El Pitamo', 13158, 0),
(27, '39', 'Andalucía, Av. (fte. Pajaritos,1ª) - Parsi, Av. (las Melias)', 13158, 0),
(28, '40', 'Magdalena,plaza (esq. O''donnell) - Alvar Nuñez (ruben Dario)', 13158, 0),
(29, '41', 'Roma,av. (hotel Alfonso Xiii,1ª) - Garcia Morato,av. (instituto)', 13158, 0),
(30, '43', 'Magdalena,plaza (juanita Reina Puerto) - Coria,av. (ambulatorio)', 13158, 0),
(31, '5', 'Gonzalo J.de Quesada (pta.triana) - Andalucia,av. (gral.l.alarc.lastra)', 16073258, 0),
(32, '52', 'Gran Plaza (edif.g.plaza,del.) - Honestidad (confianza)', 7547177, 0),
(33, '6', 'Juvent. Musicales,aux (gta. San Lázaro) - Reina Mercedes,av. (gta.alc.f.p.merry)', 16073258, 0),
(34, '90', 'Deposito Puerta - Depo2', 0, 0),
(35, 'A1', 'Carlos V,av. (8ª,dir. Pasarela) - Sembradores (parque Bomberos)', 0, 0),
(36, 'A2', 'Carlos V,av. (6ª,dir. Pasarela) - Medina Y Galnares (cataluña)', 0, 0),
(37, 'A3', 'Carlos V,av. (7ª,dir. Pasarela) - La Aeronautica,av. (frt.edif.helios)', 0, 0),
(38, 'A4', 'Carlos V,av. (4ª,dir. Pasarela) - Andalucia,av. (gral.l.alarc.lastra)', 0, 0),
(39, 'A5', 'Carlos V,av. (3ª,dir. Pasarela) - Jose Sebast.bandaran(o.c.gonz.d.f.cond.)', 0, 0),
(40, 'A6', 'Carlos V,av. (2ª,dir.ramon Y Cajal) - Isla Menor,carrtra. (rot.inst.la Grasa)', 0, 0),
(41, 'B3', 'Gran Plaza (opencor,det.) - Opera Carmen', 8701667, 0),
(42, 'B4', 'Gran Plaza (opencor,del.) - La Aeronautica,av. (edificio Helios)', 8701923, 0),
(43, 'B5', 'Marques De Paradas (albuera) - Oceanográfica, Gta. (parque Emp. Torneo)', 8701923, 0),
(44, 'C1', 'Juan Bautista Muñoz (francisco De Xerez) - Carlos V,av. (7ª,dir. Pasarela)', 33841, 0),
(45, 'C2', 'Americo Vespucio(fte. Facultad Comunic.) - Carlos V,av. (2ª,dir.ramon Y Cajal)', 33841, 0),
(46, 'C3', 'Barqueta (blanquillo,det.) - Menendez Pelayo,av. (pasarela,del.)', 33841, 0),
(47, 'C4', 'Torneo (puente Barqueta) - Menendez Pelayo,av. (1ª Juzgados,det.)', 33841, 0),
(48, 'C5', 'Francisco Bruna (pza. San Francisco) - Campana (sierpes)', 33841, 0),
(49, 'C6A', 'El Gordillo, Bda. - Parque De Doñana (hiper,d.p.montano)', 33841, 0),
(50, 'C6B', 'El Gordillo, Bda. - Parque De Doñana (hiper,d.pza.duque)', 33841, 0),
(53, 'E5', 'Barqueta - Parq.de El Alamillo', 0, 0),
(58, 'T1', 'Plaza Nueva (hacia Prado) - Prado San Sebastián Hacia Pza Nueva', 11276091, 0),
(59, 'EA', 'Especial Aeropuerto', 0, 0);

-- --------------------------------------------------------

--
-- Estructura de tabla para la tabla `paradas`
--

CREATE TABLE IF NOT EXISTS `paradas` (
  `_id` int(11) NOT NULL,
  `numero` int(11) DEFAULT NULL,
  `nombre` text,
  `direccion` text,
  `latitud` double DEFAULT NULL,
  `longitud` double DEFAULT NULL,
  PRIMARY KEY (`_id`)
) ENGINE=InnoDB DEFAULT CHARSET=latin1;

--
-- Volcado de datos para la tabla `paradas`
--

INSERT INTO `paradas` (`_id`, `numero`, `nombre`, `direccion`, `latitud`, `longitud`) VALUES
(1, 1, 'Campana (sierpes)', 'Calle de la Campana, 7', 37.392704, -5.995198),
(2, 2, 'Menendez Pelayo,av. (p.carm.dir.pas.del)', 'Av de Menéndez Pelayo, 47', 37.388331, -5.984837),
(3, 3, 'Menendez Pelayo,av. (p.carne,dir.pasar.)', 'Av de Menéndez Pelayo, 7', 37.3861, -5.985929),
(4, 4, 'Menendez Pelayo,av. (pasarela,det.)', 'Calle Menéndez Pelayo, 1b', 37.382856, -5.987723),
(5, 5, 'Maria Luisa,av. (teatro L. De Vega)', 'Av María Luisa, 2a', 37.378342, -5.990118),
(6, 6, 'Parsi, Av. (menorca)', 'Av Parsi', 37.379489, -5.919098),
(7, 8, 'Calatrava (estrellita Castro)', 'Calle Calatrava, 14', 37.401509, -5.994067),
(8, 10, 'Pages Del Corro (frt.farmac.murillo)', 'Calle Pagés del Corro, 155-159', 37.381179, -6.000501),
(9, 11, 'José Galán Merino (papachina)', 'Av de José Galán Merino', 37.426948, -5.986798),
(10, 12, 'San Jorge (dir. Altozano)', 'Calle San Jorge, 21', 37.385446, -6.004128),
(11, 13, 'Castilla (procurador)', 'Calle de Castilla, 61', 37.38749, -6.005933),
(12, 15, 'Torneo (baños De La Reina)', 'Av Torneo, 62-65', 37.396291, -6.001936),
(13, 16, 'Torneo (pta.de San Juan)', 'Av Torneo, 27-32', 37.400804, -5.998101),
(14, 17, 'Blanquillo (puerta Barqueta)', 'Puerta de la Barqueta, 2-4', 37.403084, -5.995263),
(15, 18, 'Resolana (feria)', 'Calle Resolana, 38', 37.40335, -5.992219),
(16, 19, 'Parlam.de Andalucia (macarena,dir.rda.)', 'Calle Parlamento de Andalucía', 37.403067, -5.98849),
(17, 20, 'Capuchinos,rda. (san Julian)', 'Ronda de Capuchinos, 4', 37.399726, -5.983829),
(18, 21, 'Capuchinos,rda. (trinidad,del.)', 'Ronda de Capuchinos, 42', 37.397678, -5.981503),
(19, 22, 'Maria Auxiliadora (ambulatorio)', 'Calle de María Auxiliadora, 21', 37.394454, -5.983407),
(20, 23, 'Capuchinos,rda. (av. Miraflores)', 'Ronda de Capuchinos, 27', 37.398807, -5.981822),
(21, 24, 'Capuchinos,rda. (leon Xiii)', 'Ronda de Capuchinos, 3-7', 37.39967, -5.983595),
(22, 25, 'Muñoz Leon (sanchez Perrier)', 'Calle Muñoz León, 13', 37.401398, -5.985486),
(23, 26, 'Parlam.de Andalucia (macar.dir.barq.del)', 'Calle Parlamento de Andalucía', 37.403214, -5.988547),
(24, 27, 'Barqueta (resolana Isl.ext.)', 'Calle Resolana, 43', 37.403636, -5.993739),
(25, 28, 'Parlam.de Andalucia (macar.dir.barq.del)', 'Calle Andueza, 1', 37.403267, -5.988246),
(26, 29, 'Torneo (frt.pta.san Juan)', 'Av Torneo, 29', 37.400848, -5.998554),
(27, 30, 'Torneo (frt.baños Reina)', 'Av Torneo, 68', 37.396056, -6.002591),
(28, 31, 'Santiago (pza.j.de La Redencion)', 'Calle Santiago, 37', 37.390874, -5.9858),
(29, 33, 'Clara De J.montero (procurador)', 'Calle de Clara de Jesús Montero, 28', 37.387144, -6.00777),
(30, 34, 'Pages Del Corro (evangelista)', 'Calle Pagés del Corro, 136', 37.382385, -6.002025),
(31, 35, 'Genova (pza.cuba,dir.centr)', 'Calle Génova, 2A', 37.380288, -5.998455),
(32, 36, 'Sebastián Elcano (v.de Consolación)', 'Calle de Juan Sebastián Elcano, 8', 37.37866, -5.996304),
(33, 37, 'Sebastián Elcano (v.de Loreto)', 'Calle de Juan Sebastián Elcano, 18', 37.376066, -5.995976),
(34, 38, 'Virgen De Lujan (j.s.elca.dir.gta.ciga)', 'Calle Virgen de Luján, 1', 37.374721, -5.995692),
(35, 39, 'Marineros, Glorieta', 'Glorieta de los Marineros', 37.375753, -5.991181),
(36, 40, 'María Luisa, Av. (la Raza)', 'Glorieta San Diego', 37.378809, -5.989735),
(37, 41, 'Imagen (encarn.,sent.duque)', 'Calle Imagen, 3', 37.392715, -5.991122),
(38, 42, 'Menendez Pelayo,av. (pta.carne,dir.osar)', 'Av de Menéndez Pelayo, 42', 37.386518, -5.985553),
(39, 43, 'Menendez Pelayo,av. (p.carmona,dir.osar)', 'Av de Menéndez Pelayo, 64', 37.388538, -5.984545),
(40, 44, 'Comunidad Extremeña', 'Calle Comunidad Extremeña', 37.41259, -5.974438),
(41, 45, 'La Barzola,av. (r.jara,dir.pio Xii)', 'Calle Bahía de Cádiz, 14', 37.412982, -5.976262),
(42, 46, 'La Barzola,av. (pza.a.martin Caro)', 'Av de la Barzola, 1', 37.409795, -5.978065),
(43, 47, 'Madreselva (rda.pio Xii)', 'Calle Bernardo de Toro, 2-14', 37.407017, -5.979545),
(44, 48, 'Dr. Jimenez Diaz', 'Calle Doctor Jiménez Díaz, 26', 37.404835, -5.980532),
(45, 49, 'Cruz Roja,av. (manuel Mateo)', 'Av de la Cruz Roja, 39', 37.402892, -5.981498),
(46, 50, 'Cruz Roja,av. (clinica)', 'Av de la Cruz Roja, 3', 37.400593, -5.982524),
(47, 51, 'Chipre (avenida Alemania)', 'Calle de Chile', 37.34465, -5.982571),
(48, 52, 'S.j.de La Salle,av. (general Chamorro)', 'Av de San Juan de la Salle, 28', 37.40763, -5.971627),
(49, 53, 'La Borbolla,av. (capitania)', 'Av de la Borbolla, 5a', 37.377413, -5.984244),
(50, 54, 'La Borbolla,av. (frt.montevideo)', 'Av de la Borbolla, 41', 37.374295, -5.985422),
(51, 55, 'La Borbolla,av. (plaza De America)', 'Av de la Borbolla, 47-61', 37.372357, -5.985618),
(52, 56, 'Manuel Siurot,av. (frt.bda.estrella)', 'Av Manuel Siurot, 8', 37.367599, -5.985317),
(53, 57, 'Manuel Siurot,av. (cardenal Illundain)', 'Av Manuel Siurot, 18-22', 37.364214, -5.983418),
(54, 58, 'Manuel Siurot,av. (frt.c.sanitari.det)', 'Av Manuel Siurot, 46', 37.361238, -5.981991),
(55, 59, 'Manuel Siurot,av. (carr.su Eminencia)', 'Av Manuel Siurot, 69', 37.3574, -5.97977),
(56, 60, 'Padre G.tejero,av.(frt.est.b.villamarin)', 'Av del Padre García Tejero, 6a', 37.35723, -5.982828),
(57, 61, 'A.f.parias Merry,gta (dir.r.mercedes)', 'Av de la Reina Mercedes, 61-65', 37.356377, -5.986412),
(58, 62, 'Reina Mercedes,av. (frt.esc.sup.inform)', 'Av de la Reina Mercedes, 35', 37.358731, -5.986283),
(59, 63, 'Reina Mercedes,av. (frt.esc.arquit.tec)', 'Av de la Reina Mercedes, 19', 37.361809, -5.986143),
(60, 64, 'Manuel Siurot,av. (gustavo Gallardo)', 'Av Manuel Siurot, 17', 37.365229, -5.983751),
(61, 65, 'Manuel Siurot,av. (bda.la Estrella)', 'Av Manuel Siurot, 8', 37.367493, -5.985054),
(62, 66, 'La Borbolla,av. (av.felipe Ii)', 'Av de la Borbolla, 47-61', 37.372348, -5.985392),
(63, 67, 'La Borbolla,av. (montevideo)', 'Av de la Borbolla, 41', 37.374199, -5.98521),
(64, 68, 'La Borbolla,av. (hotel Melia)', 'Av de la Borbolla, 3', 37.37824, -5.983579),
(65, 69, 'Carlos V,av. (6ª,dir. Pasarela)', '', 0, 0),
(66, 70, 'Laraña (encarn.,sent P.león)', 'Calle Laraña, 14', 37.392758, -5.992817),
(67, 71, 'Miraflores,av. (san Juan Bosco)', 'Av de Miraflores, 2', 37.39875, -5.981176),
(68, 72, 'Miraflores,av. (frte.retiro Obrero)', 'Av de Miraflores, 49-55', 37.401663, -5.978467),
(69, 73, 'Miraflores,av. (sta.maria De Ordás)', 'Av de Miraflores, 78', 37.403644, -5.976589),
(70, 74, 'S.j.de La Salle,av. (colegio La Salle)', 'Av de San Juan de la Salle, 2', 37.405466, -5.974503),
(71, 76, 'Sanchez Pizjuan,av. (depart.anatomico)', 'Av Sánchez Pizjuan, 2', 37.407498, -5.988877),
(72, 77, 'Dr. Leal Castaño (bda.el Carmen)', 'Calle Doctor Leal Castaño, 3', 37.407277, -5.984142),
(73, 78, 'S. Francisca Dorotea (la Barzola)', 'Calle Sor Francisca Dorotea, 13-19', 37.407302, -5.980784),
(74, 79, 'Pio Xii,ronda (dir.miraflores)', 'Ronda de Pío XII, 1-21', 37.406667, -5.9777),
(75, 80, 'Carlos V,av. (8ª,dir. Pasarela)', 'Av de Carlos V', 37.380717, -5.986927),
(76, 81, 'Arosa (av.parsi)', 'Calle Arosa', 37.38084, -5.918659),
(77, 83, 'Carmona,carretera (el Zodiaco)', 'Carretera de Carmona, 86', 37.402315, -5.970739),
(78, 84, 'Carlos V,av. (2ª,dir. Diego Riaño)', 'Calle de José María Osborne, 1', 37.380572, -5.984668),
(79, 86, 'Pedro Romero,av. (antioquia)', 'Av de Pedro Romero', 37.400193, -5.957122),
(80, 87, 'Pedro Romero,av. (frascuelo)', 'Av de Pedro Romero, 1', 37.398434, -5.959933),
(81, 88, 'Parsi, Av. (las Lumbreras)', 'Calle Bagur, 1', 37.384949, -5.919378),
(82, 89, 'Solea,av. (dir.greco)', 'Av de la Soleá, 302', 37.39459, -5.965201),
(83, 90, 'Solea,av. (greco,d.tomas Mur.)', 'Av de la Soleá', 37.391837, -5.968473),
(84, 91, 'Parsi, Av. (hacienda San Antonio)', 'Av Parsi', 37.379715, -5.919485),
(85, 92, 'Génova  (plaza De Cuba)', 'Calle Génova, 3', 37.380403, -5.999104),
(86, 93, 'Cataluña (fte.parroquia S.jeronimo)', 'Calle de Cataluña, 38', 37.424358, -5.983558),
(87, 94, 'Villegas (pza.el Salvador)', 'Calle Villegas, 2', 37.389834, -5.992988),
(88, 95, 'Marques De Pickman (mercado)', 'Calle Marqués de Pickman, 25', 37.381301, -5.963012),
(89, 96, 'Marques De Pickman (frt.mercado)', 'Calle Marqués de Pickman, 36', 37.381209, -5.963135),
(90, 97, 'San Francisco,pza.', 'Calle Hernando Colón, 6', 37.387788, -5.993696),
(91, 98, 'Adriano (pastor Y Landero)', 'Calle Adriano, 20', 37.386637, -5.99787),
(92, 99, 'Andalucia,av. (fabrica Cruzcampo)', 'Av de Andalucía, 4', 37.387626, -5.96386),
(93, 100, 'El Greco, Av. (tarso)', 'Av de El Greco, 32-36', 37.390262, -5.967358),
(94, 101, 'Solea,av. (el Greco)', 'Av de la Soleá', 37.391945, -5.968012),
(95, 102, 'Solea,av. (efeso)', 'Av de la Soleá, 302', 37.394718, -5.964825),
(96, 103, 'San Esteban (puerta Carmona)', 'Puerta Carmona, 41', 37.389331, -5.984631),
(97, 105, 'Kansas City,auxiliar (macedonia)', 'Av de Kansas City, 68', 37.402687, -5.958731),
(98, 106, 'Águilas (casa Pilatos)', 'Plaza de Pilatos, 1-2', 37.389885, -5.987055),
(99, 107, 'Carmona,carretera (thormes)', 'Carretera de Carmona, 86A', 37.402408, -5.970978),
(100, 108, 'Jesus De Las Tres Caídas (la Alfalfa)', 'Calle Alcaiceria de la Loza, 20-24', 37.390337, -5.991315),
(101, 109, 'Francisco Bruna (pza. San Francisco)', 'Calle Sierpes, 89', 37.389322, -5.994072),
(102, 110, 'Pio Xii,ronda (colegio Sta.catal.)', 'Ronda de Pío XII, 2', 37.40592, -5.975948),
(103, 111, 'S. Francisca Dorotea (hermandad Trabajo)', 'Calle Sor Francisca Dorotea, 2-4', 37.407341, -5.981036),
(104, 112, 'San Juan De Ribera (policlinico)', 'Av del Doctor Fedriani, 1', 37.405534, -5.986733),
(105, 113, 'Pedro Romero,av. (antioquia)', 'Av de Pedro Romero, 867', 37.400062, -5.956779),
(106, 114, 'Antioquia (damasco,del.)', 'Calle Antioquía, 8', 37.398136, -5.956392),
(107, 115, 'Damasco (tesalonica)', 'Calle Damasco, 5', 37.396642, -5.95765),
(108, 116, 'Jerusalen (tesalonica,dir.ada)', 'Calle de Jerusalén', 37.395383, -5.9596),
(109, 117, 'Cruz Del Campo,av. (juan De Oñate)', 'Av de la Cruz del Campo, 20', 37.38656, -5.965415),
(110, 118, 'Cruz Del Campo,av. (a.coll.dir.g.plaza)', 'Av de la Cruz del Campo, 38', 37.3846, -5.965651),
(111, 119, 'Ciudad Jardin,av. (esc.bellas Artes)', 'Av de la Ciudad Jardín, 26', 37.377946, -5.966402),
(112, 120, 'Ciudad Jardin,av. (frt.piscina Sevil.)', 'Av de la Ciudad Jardín, 30-32', 37.376509, -5.966842),
(113, 121, 'Alc.j.fernandez,av. (juncal,dir.g.merry)', 'Av del Alcalde Juan Fernández, 6', 37.373755, -5.968248),
(114, 122, 'Alc.j.fernandez,av. (quint.dir.g.merry)', 'Av del Alcalde Juan Fernández, 10-20', 37.373417, -5.971602),
(115, 123, 'Alc.j.fernandez,av. (frt.bloq.giralda)', 'Av del Alcalde Juan Fernández, 25', 37.373352, -5.973086),
(116, 124, 'Pilar Bardem (juan Vivan)', 'Calle Pilar Bardem, 2', 37.372316, -5.977716),
(117, 125, 'Pilar Bardem (diego De La Barre.)', 'Calle Felipe II, 29', 37.371973, -5.980822),
(118, 126, 'Felipe Ii,av. (valparaiso)', 'Calle Felipe II, 6', 37.371828, -5.983987),
(119, 127, 'Pilar Bardem (bogota)', 'Calle Felipe II, 24', 37.371779, -5.98111),
(120, 128, 'Pilar Bardem (almirante Topete)', 'Calle Pilar Bardem, 2', 37.372133, -5.977865),
(121, 129, 'Alc.j.fernandez,av. (bloques Giralda)', 'Av del Alcalde Juan Fernández, 25', 37.373201, -5.973065),
(122, 130, 'Alc.j.fernandez,av. (quint.dir.r.cajal)', 'Av del Alcalde Juan Fernández, 9-19', 37.372979, -5.969921),
(123, 131, 'Alc.j.fernandez,av. (juncal,dir.g.plaza)', 'Av del Alcalde Juan Fernández, 6', 37.373917, -5.967915),
(124, 132, 'Ciudad Jardin,av. (piscinas Sevilla)', 'Av de la Ciudad Jardín, 87', 37.37613, -5.96673),
(125, 133, 'Ciudad Jardin,av. (cardenal R.castro)', 'Av de la Ciudad Jardín, 75', 37.37772, -5.966113),
(126, 134, 'Cruz Del Campo,av. (a.coll,d.l.montoto)', 'Av de la Cruz del Campo, 21-27', 37.384676, -5.965286),
(127, 135, 'Cruz Del Campo,av. (rico Cejudo)', 'Av de la Cruz del Campo, 7', 37.386742, -5.965079),
(128, 136, 'Tomas Murube (frt.ambulatorio)', 'Calle de Tomás Murube, 43', 37.390107, -5.967926),
(129, 137, 'Luis De Morales (est.s.pizjuan,det.)', 'Calle Luis de Morales, 26', 37.383773, -5.972864),
(130, 138, 'Pedro Romero,av. (frt.frascuelo)', 'Av de Pedro Romero, 15', 37.398699, -5.959013),
(131, 139, 'García De Vinuesa (avda.constitucion)', 'Calle García de Vinuesa, 10-12', 37.38668, -5.994437),
(132, 140, 'Juan Xxiii,av. (frt.parque Amate)', 'Av Juan XXIII', 37.378641, -5.952474),
(133, 141, 'Los Gavilanes (ambulat.s.social)', 'Av de los Gavilanes, 1-7', 37.37671, -5.952377),
(134, 142, 'Tomas Murube (l.montot.dir.greco)', 'Calle de Tomás Murube, 6-10', 37.388464, -5.967721),
(135, 143, 'Tomas Murube (ambulatorio)', 'Calle de Tomás Murube, 43', 37.390192, -5.967733),
(136, 144, 'Francisco Buendia (gonzalo De Mena)', 'Calle de Francisco Buendía, 39', 37.377096, -5.963066),
(137, 145, 'La Paz,av. (amores Y Amorios)', 'Av de la Paz, 61', 37.370456, -5.970619),
(138, 146, 'La Paz,auxiliar Av. (bda.de La Oliva)', 'Av de la Paz, 77', 37.368512, -5.967958),
(139, 147, 'La Oliva Rda.de (frt.letanias)', 'Ronda Nuestra Señora de la Oliva', 37.365945, -5.96725),
(140, 148, 'Luis Ortiz Muñoz (colegio J.fernand.)', 'Calle Madre del Cristo, 2-4', 37.363822, -5.968312),
(141, 149, 'Luis Ortiz Muñoz (j.sebast.bandaran)', 'Calle de Luis Ortiz Muñoz, 201-207', 37.359916, -5.965426),
(142, 150, 'Luis Ortiz Muñoz (orf.cayetano Gonz.)', 'Calle de Luis Ortiz Muñoz, 286-292', 37.35729, -5.968162),
(143, 151, 'Las Letanías, Av. (estr. De La Mañana)', 'Av de las Letanías, 10', 37.360897, -5.963291),
(144, 152, 'Adriano (arfe)', 'Calle de Arfe, 3-5', 37.386313, -5.996368),
(145, 153, 'Manuel Siurot,av. (guadaira)', 'Av Manuel Siurot, 65', 37.35752, -5.979642),
(146, 154, 'Manuel Siurot,av. (ciudad Sanitaria)', 'Av Manuel Siurot, 41', 37.361076, -5.981659),
(147, 155, 'Adriano (arenal)', 'Calle Adriano, 34', 37.386595, -6.000316),
(148, 156, 'Reina Mercedes,av. (esc.arquitec.tec.)', 'Av de la Reina Mercedes, 19', 37.361093, -5.986369),
(149, 157, 'Reina Mercedes,av. (esc.sup.informat.)', 'Av de la Reina Mercedes, 53', 37.35839, -5.98654),
(150, 158, 'A.f.parias Merry,gta (bar Parada)', 'Glorieta de Alcalde Fernando de Parias Merry, 1-7', 37.355857, -5.986776),
(151, 159, 'Luis De Morales (hotel Los Lebreros)', 'Calle Luis de Morales, 4', 37.385537, -5.972735),
(152, 160, 'Kansas City,av. (tesalonica)', 'Av de Kansas City, 58', 37.401126, -5.960787),
(153, 161, 'Kansas City,av. (edificio Gran Via)', 'Av de Kansas City, 68', 37.40345, -5.957876),
(154, 162, 'Zaragoza (moratín)', 'Calle Reyes Católicos, 3', 37.389016, -5.999608),
(155, 163, 'Plaza Nueva (hotel Inglaterra)', 'Plaza Nueva, 9', 37.389033, -5.996261),
(156, 164, 'Kansas City,av. (frt. Tesalonica)', 'Av de Kansas City, 58', 37.400519, -5.962127),
(157, 165, 'S.josé De Calasanz (bda.el Carmen)', 'Calle de San José de Calasanz', 37.374655, -6.012196),
(158, 166, 'Almirante Apodaca (ponce De León)', 'Calle Santiago, 4', 37.392689, -5.987828),
(159, 167, 'La Paz,av. (viviendas Sindical)', 'Av de la Paz, 81', 37.367437, -5.966681),
(160, 168, 'La Paz,av. (viviendas Tussam)', 'Av de la Paz, 41-43', 37.37176, -5.971928),
(161, 169, 'Francisco Buendia (ciudad Jardin)', 'Calle de Francisco Buendía, 7', 37.377192, -5.965582),
(162, 170, 'Francisco Buendia (colegio M.contade.)', 'Calle de Francisco Buendía, 47', 37.376942, -5.962634),
(163, 171, 'Paulo Orosio (ruperto Chapi)', 'Calle de Paulo Osorio, 1', 37.376722, -5.959772),
(164, 172, 'Paulo Orosio (juan Carvallo)', 'Calle de Paulo Osorio, 23-39', 37.376279, -5.956779),
(165, 173, 'Madrid,autovia (frt.urban.huarte)', 'Calle de Rodrigo de Escobedo', 37.406561, -5.953711),
(166, 174, 'Juan Xxiii,av. (parque Amate)', 'Av Juan XXIII', 37.378675, -5.952305),
(167, 175, 'Esperanza De Triana (trabajo)', 'Calle Esperanza de Triana, 49', 37.378939, -6.003377),
(168, 176, 'Alvar Nuñez (ruben Dario)', 'Av de Alvar Núñez, 55', 37.377076, -6.012756),
(169, 177, 'Alvar Nuñez (lorenzo Leal)', 'Av de Alvar Núñez, 23-27', 37.378758, -6.011015),
(170, 178, 'Alvar Nuñez (lopez De Gomara)', 'Av de Alvar Núñez, 1-11', 37.379977, -6.009776),
(171, 179, 'Pino Montano,ctra.(cjo.lasmonjas,dir.pm)', '', 0, 0),
(172, 180, 'Lopez De Gomara (instituto Becquer)', 'Calle López de Gomara, 16', 37.378059, -6.00729),
(173, 181, 'República Argentina (virgen De Africa)', 'Av de la República Argentina, 33', 37.376637, -6.003964),
(174, 182, 'República Argentina (arcos)', 'Av de la República Argentina, 25', 37.378078, -6.001292),
(175, 183, 'República Argentina (pza.de Cuba)', 'Av de la República Argentina, 7', 37.379152, -5.999297),
(176, 184, 'Palos De La Frontera (la Rábida)', 'Calle Palos de la Frontera', 37.379757, -5.991626),
(177, 185, 'Carlos V,av. (7ª,dir. Pasarela)', 'Av de Carlos V', 37.380659, -5.986728),
(178, 186, 'Ramon Y Cajal,av. (frt.empresar.del.)', 'Av de Ramón y Cajal, 1', 37.377848, -5.976863),
(179, 187, 'San Fco.javier,av. (frt.edif.sevilla 1)', 'Av de San Francisco Javier, 20', 37.378771, -5.974433),
(180, 188, 'San Fco.javier,av. (edificio Sevilla 2)', 'Av de San Francisco Javier, 14', 37.380378, -5.973955),
(181, 189, 'Eduardo Dato,av. (echegaray)', 'Av de Eduardo Dato, 26', 37.382576, -5.972315),
(182, 190, 'Eduardo Dato,av. (san Juan De Dios)', 'Av de Eduardo Dato, 85', 37.381889, -5.968709),
(183, 191, 'Eduardo Dato,av. (goya)', 'Av de Eduardo Dato, 89-91', 37.38194, -5.96814),
(184, 192, 'Eduardo Dato,av. (estadio.s.pizjuan)', 'Av de Eduardo Dato, 30', 37.382605, -5.971745),
(185, 193, 'San Fco.javier,av. (frt.edif.sevilla 2)', 'Av de San Francisco Javier, 18', 37.380358, -5.974143),
(186, 194, 'San Fco.javier,av. (av.ramon Y Cajal)', 'Av de San Francisco Javier, 21', 37.378643, -5.974696),
(187, 195, 'Ramon Y Cajal,av. (empresariales,del.)', 'Av de Ramón y Cajal, 1', 37.37795, -5.977077),
(188, 196, 'Roma,av. (hotel Alfonso Xiii,1ª)', 'Av de Roma', 37.381546, -5.993527),
(189, 197, 'Rep. Argentina,av. (pagés Del Corro)', 'Av de la República Argentina, 14', 37.379165, -5.999485),
(190, 198, 'Rep. Argentina,av. (v. Villadiego)', 'Av de la República Argentina, 22', 37.37828, -6.00118),
(191, 199, 'Rep. Argentina,av. (virgen De Fatima)', 'Av de la República Argentina, 33-35', 37.376791, -6.004125),
(192, 200, 'Lopez De Gomara (trabajo)', 'Calle López de Gomara, 45-55', 37.377204, -6.006517),
(193, 201, 'Juan Diaz De Solis (det. Lorenzo Leal)', 'Calle de Juan Díaz de Solís, 26-32', 37.377596, -6.01012),
(194, 202, 'Virgen De Lujan (v.aguila,d.g.ciga.)', 'Calle Virgen de Luján, 43', 37.374552, -6.002089),
(195, 203, 'Virgen De Lujan (j.r.jimen.d.g.ciga)', 'Plaza del Padre Damián, 15', 37.374646, -5.999243),
(196, 204, 'Guadalupe (recaredo)', 'Calle Guadalupe, 1-7', 37.390431, -5.984459),
(197, 205, 'Las Delicias,paseo (instituto Murillo)', 'Paseo de las Delicias', 37.374284, -5.991079),
(198, 206, 'Las Delicias,paseo (av.de Molini)', 'Paseo de las Delicias', 37.369916, -5.98838),
(199, 207, 'Isaac Peral (dir.reina Mercedes)', 'Calle de Isaac Peral, 4-6', 37.364033, -5.986092),
(200, 208, 'Sor Greg.sta.teresa (dir.instit.herrera)', 'Calle Sor Gregoria de Santa Teresa, 10-12', 37.364547, -5.987366),
(201, 209, 'Las Delicias,paseo (pabellón Brasil)', 'Paseo de las Delicias', 37.37014, -5.988246),
(202, 210, 'Las Delicias,paseo (frt.instit.murillo)', 'Paseo de las Delicias', 37.374113, -5.990649),
(203, 211, 'Virgen De Lujan (j.s.elcano,d.p.pr.)', 'Calle Virgen de Luján, 1', 37.374757, -5.995764),
(204, 213, 'Virgen De Lujan (p.damian,dir.p.pr.)', 'Calle Virgen de Luján, 26', 37.374655, -5.999739),
(205, 214, 'Virgen De Lujan (v.africa,d.p.prin.)', 'Calle Virgen de Luján, 43B', 37.374567, -6.002191),
(206, 215, 'Pino Montano,ctra. (dir. Pino Motano)', '', 0, 0),
(207, 216, 'Alc.l.uruñuela,av. (puerta Este)', 'Av del Alcalde Luis Uruñuela', 37.403642, -5.938883),
(208, 217, 'Sanchez Pizjuan,av. (fedra)', 'Av Sánchez Pizjuan, 9-11', 37.409669, -5.987281),
(209, 218, 'P.gual Villalbi,av. (g.de Alvear)', 'Av de Pedro Gual Villalbi, 1', 37.411039, -5.980908),
(210, 219, 'Los Romeros (av.san Lazaro)', 'Calle Romeros, 2-6', 37.408939, -5.982294),
(211, 220, 'Dr. Jaime Marcos (dr.fedriani)', 'Calle Doctor Jaime Marcos, 2', 37.409691, -5.984059),
(212, 221, 'Sanchez Pizjuan,av. (las Golondrinas)', 'Av Sánchez Pizjuan, 28', 37.411363, -5.986087),
(213, 223, 'Canalejas', 'Calle de Canalejas, 20', 37.39029, -6.000541),
(214, 224, 'San Vicente De Paúl (ciudad Real)', 'Calle San Vicente de Paul, 54', 37.382718, -6.013606),
(215, 225, 'P.gual Villalbi,av. (doctor Fedriani)', 'Av de Pedro Gual Villalbi', 37.412317, -5.982374),
(216, 228, 'Concej.a.j.becerril (gta.olimpica)', 'Av del Concejal Alberto Jiménez Becerril, 23', 37.411713, -5.98977),
(217, 229, 'Coria,av. (ambulatorio)', 'Av de Coria, 5', 37.381053, -6.010106),
(218, 230, 'San Jacinto (peñaflor)', 'Calle San Jacinto, 85', 37.381867, -6.007829),
(219, 231, 'San Jacinto (iglesia)', 'Calle San Jacinto, 47', 37.383268, -6.00574),
(220, 232, 'José Galán Merino (alcalá Del Río)', 'Av de José Galán Merino', 37.421947, -5.987377),
(221, 233, 'Dr. Fedriani,av. (dr.leal Castaño)', 'Plaza Playa de Punta Umbría, 26', 37.407818, -5.985156),
(222, 234, 'Amor De Dios (europa)', 'Calle del Amor de Dios, 48', 37.396713, -5.993796),
(223, 235, 'Feria (cruz Verde)', 'Calle Feria, 68', 37.398255, -5.99158),
(224, 236, 'Feria (relator)', 'Calle Feria, 107-109', 37.40003, -5.991755),
(225, 237, 'Feria (resolana)', 'Calle Feria, 167', 37.402988, -5.991814),
(226, 238, 'San Juan De Ribera (hotel Macarena)', 'Calle de Froilán de la Serna, 6', 37.403548, -5.987238),
(227, 239, 'San Juan De Ribera (frt.policlinico)', 'Calle de San Juan de Ribera, 4', 37.405432, -5.986315),
(228, 240, 'Medina Y Galnares (centro De Salud)', 'A-3102, 117-127', 37.430364, -5.980779),
(229, 241, 'Medina Y Galnares (carpa)', 'Calle Medina y Galnarés', 37.427127, -5.981863),
(230, 242, 'Medina Y Galnares (cataluña)', 'Calle Medina y Galnarés, 89', 37.425048, -5.982592),
(231, 243, 'Medina Y Galnares (c.s.e.)', 'Av Doctor Fedriani', 37.41513, -5.983579),
(232, 244, 'Dr. Fedriani,av. (agata)', 'Calle Ágata, 11', 37.411678, -5.984272),
(233, 245, 'Dr. Fedriani,av. (diamante)', 'Av Doctor Fedriani, 25a', 37.409556, -5.984877),
(234, 246, 'Muñoz Leon (muralla)', 'Calle Muñoz León, 5', 37.402551, -5.987066),
(235, 247, 'Ponce De Leon,plaza (sta. Catalina)', 'Plaza de Ponce de León, 15', 37.393082, -5.987774),
(236, 249, 'Don Fadrique (parlam. De Andal.)', 'Calle Don Fadrique, 7', 37.403512, -5.989349),
(237, 250, 'Parsi, Av. (las Melias)', 'Av Parsi', 37.378251, -5.919118),
(238, 251, 'Dr. Fedriani,av. (playa Isla Canela)', 'Av Doctor Fedriani, 23', 37.409428, -5.984576),
(239, 252, 'Dr. Fedriani,av. (san Lazaro,av.)', 'Av Doctor Fedriani, 50', 37.411148, -5.983941),
(240, 253, 'P.gual Villalbi,av. (los Romeros)', 'Av de Pedro Gual Villalbi', 37.408466, -5.979803),
(241, 254, 'Niculoso Pisano (ronda De Los Tejares)', 'Calle de Niculoso Pisano', 37.387396, -6.013038),
(242, 255, 'Ronda De Los Tejares (manuel Arellano)', 'Ronda de los Tejares, 31', 37.385627, -6.013523),
(243, 256, 'San Lazaro,av. (los Romeros)', 'Av de San Lázaro, 19', 37.409347, -5.983),
(244, 257, 'San Lazaro,av. (doctor Morote)', 'Av de San Lázaro, 19', 37.411139, -5.983424),
(245, 258, 'Esparteros (pino Montano)', 'Calle de los Esparteros, 2', 37.42152, -5.961843),
(246, 259, 'Sembradores (parque Bomberos)', 'Calle Sembradores, 7', 37.422262, -5.965544),
(247, 260, 'Agricultores (d.camino De Los T.)', 'Calle de los Agricultores, 1', 37.420975, -5.968012),
(248, 261, 'Camino De Los Toros (mar Adriatico)', 'Calle Camino de los Toros', 37.419867, -5.965716),
(249, 262, 'Cort.de Las Casillas (mar Mediterraneo)', 'Calle Cortijo de las Casillas, 6-8', 37.418598, -5.963581),
(250, 263, 'Pino Montano,av. (frt.instituto)', 'Av de Pino Montano, 11-13', 37.41674, -5.966649),
(251, 264, 'Pino Montano,av. (san Diego)', 'Av de Pino Montano', 37.41457, -5.968682),
(252, 265, 'Pino Montano,av. (sebastián Llano)', 'Av de Pino Montano, 43', 37.412096, -5.970801),
(253, 266, 'Pino Montano,av. (sta.justa Y Rufina)', 'Av de Pino Montano, 25', 37.410187, -5.972099),
(254, 267, 'Periodista J. Couso', 'Av Doctor Fedriani, 47', 37.411913, -5.983952),
(255, 268, 'Pino Montano,av. (coleg.sta.catalina)', 'Av de Pino Montano, 7', 37.406318, -5.974663),
(256, 269, 'Pino Montano,av. (san Felipe Neri)', 'Av de Pino Montano, 112', 37.408789, -5.973022),
(257, 270, 'Alc. M. Del Valle,av. (san Diego)', 'Barriada San Diego', 37.409897, -5.970833),
(258, 271, 'Pino Montano,av. (frt.diego Pesquera)', 'Av de Pino Montano, 43', 37.411981, -5.970672),
(259, 272, 'Pino Montano,av. (bda.san Diego)', 'Barriada San Diego', 37.413988, -5.968773),
(260, 273, 'Pino Montano,av. (instituto)', 'Av de Pino Montano, 13-19', 37.416667, -5.966468),
(261, 274, 'Cort.de Las Casillas (c.de Los Toros)', 'Calle Cortijo de las Casillas, 10', 37.418283, -5.963409),
(262, 275, 'Dr. Leal Castaño (bda.el Cerezo)', 'Calle Doctor Leal Castaño, 7', 37.407349, -5.983697),
(263, 276, 'Carmona,carretera (frt.pedro De Mena)', 'Carretera de Carmona, 47', 37.40181, -5.973049),
(264, 277, 'Carmona,carretera (higuera De La Sier)', 'Carretera de Carmona, 41A', 37.400792, -5.975873),
(265, 278, 'Estrella Canopus (esq.estrella Rigel)', 'Calle Estrella Canopus, 12', 37.425329, -5.969428),
(266, 279, 'Arroyo (santa Maria)', 'Calle Arroyo, 93A', 37.397423, -5.976878),
(267, 280, 'Arroyo (jose Laguillo)', 'Calle Arroyo, 53A', 37.39384, -5.982281),
(268, 281, 'Gonzalo Bilbao (arroyo)', 'Calle Gonzalo Bilbao, 3', 37.393005, -5.983365),
(269, 282, 'María Auxiliadora (dr. Relimpio, Del.)', 'Calle de María Auxiliadora, 16', 37.395494, -5.982614),
(270, 283, 'Arroyo (urquiza)', 'Calle Arroyo, 26-28', 37.394582, -5.981503),
(271, 284, 'Arroyo (frt.c/.santa Maria)', 'Calle Arroyo, 72', 37.39713, -5.977142),
(272, 285, 'San Luis (divina Pastora)', 'Calle San Luis, 52', 37.398451, -5.988193),
(273, 286, 'Carmona,carretera (frt.higuera Sierra)', 'Carretera de Carmona, 30', 37.400464, -5.976127),
(274, 287, 'Carmona,carretera (pedro De Mena)', 'Carretera de Carmona, 72', 37.401773, -5.972523),
(275, 288, 'Carmona, Carr. (ambulatorio)', 'Carretera de Carmona, 3-5', 37.397761, -5.980741),
(276, 289, 'Madrid,aux.autovia (hiper Carrefour)', 'Carretera de Andalucía', 37.410076, -5.939902),
(277, 290, 'Garrochistas (talabarteros)', 'Calle Garrochistas', 37.424128, -5.960212),
(278, 291, 'Luis Montoto (tribunal Menores)', 'Calle de Luis Montoto, 133', 37.387638, -5.96834),
(279, 292, 'Luis Montoto (frt. Corte Ingles)', 'Calle de Luis Montoto, 103', 37.387451, -5.971751),
(280, 293, 'Kansas City,av. (hotel Occidental)', 'Av de Kansas City, 5', 37.388696, -5.973516),
(281, 294, 'Madrid,aux.autovia (jardines Del Eden)', 'Calle Tigris', 37.411585, -5.935922),
(282, 295, 'Eduardo Dato,av. (oscar Carvallo)', 'Av de Eduardo Dato, 39', 37.383752, -5.97755),
(283, 296, 'Eduardo Dato,av. (frt.san Bernardo)', 'Av de Eduardo Dato, 21a', 37.384502, -5.982351),
(284, 297, 'Menendez Pelayo,av. (jard.catalina Rib.)', 'Calle General Ríos, 2', 37.38477, -5.986744),
(285, 298, 'Cort.de Las Casillas (alfareros)', 'Calle Almazareros, 2', 37.422483, -5.959375),
(286, 299, 'Emilia Barral (pza. Rey Aurelio)', 'Av de Fernando Corral Corachán, 14', 37.407901, -5.919914),
(287, 300, 'Carmona, Carr. (frente Ambulatorio)', 'Carretera de Carmona, 3-5', 37.397838, -5.980878),
(288, 301, 'Eduardo Dato,av. (san Bernardo)', 'Av de Eduardo Dato, 16-18', 37.384327, -5.982141),
(289, 302, 'Eduardo Dato,av. (colegio Portaceli)', 'Av de Eduardo Dato, 43-47', 37.38344, -5.976702),
(290, 303, 'P.gual Villalbi,av. (mar Caspio)', 'Av de Pedro Gual Villalbi', 37.408144, -5.979414),
(291, 304, 'Parque Alcosa,acc. (ciudad De Alfafar)', 'Calle Ciudad de Alfafar, 2', 37.413323, -5.928358),
(292, 305, 'Luis Montoto (el Corte Ingles)', 'Calle de Luis Montoto, 120', 37.387174, -5.971509),
(293, 306, 'Ciudad De Liria', 'Calle Ciudad de Liria, 1', 37.412198, -5.925772),
(294, 307, 'Las O.n.g. (plaza Gomila)', 'Calle de las Ongs, 2', 37.407443, -5.925944),
(295, 308, 'Ciudad De Paterna (junto Ambulat.s.s.)', '', 0, 0),
(296, 309, 'Luis Montoto (marques De Nervion)', 'Calle de Luis Montoto, 150-152', 37.387396, -5.966971),
(297, 310, 'Escritor Alfonso Grosso Carmen Conde', 'Calle del Escritor Alfonso Grosso', 37.410247, -5.919174),
(298, 311, 'Amor (atlantico)', 'Calle Carlos Marx, 2', 37.382545, -5.949204),
(299, 312, 'Amor (santa Isabel)', 'Calle Amor, 5', 37.385309, -5.943869),
(300, 313, 'Amor (satsuma)', 'Calle Amor, 27', 37.384156, -5.946039),
(301, 314, 'Carlos Marx (cantabrico)', 'Calle Carlos Marx, 16-7', 37.381386, -5.952187),
(302, 315, 'F.mayo Gayarre (virgen Candelaria)', 'Calle de Federico Mayo Gayarre, 23', 37.38084, -5.955942),
(303, 316, 'F.mayo Gayarre (cruz Del Sur)', 'Calle de Federico Mayo Gayarre, 1-7', 37.381039, -5.958757),
(304, 317, 'F.mayo Gayarre (gibraltar)', 'Calle de Federico Mayo Gayarre, 10-20', 37.380832, -5.958055),
(305, 318, 'F.mayo Gayarre (columela)', 'Calle de Federico Mayo Gayarre, 30-34', 37.38064, -5.955242),
(306, 319, 'Emilio Lemos, Avda. (vietnam)', 'Av de Emilio Lemos, 51-61', 37.406352, -5.912983),
(307, 320, 'Aguila Perdicera (frente A Centro Salud)', 'Calle Águila Perdicera', 37.367147, -5.953721),
(308, 321, 'Pino Montano,ctra. (cortijo Las Monjas)', '', 0, 0),
(309, 322, 'José Galán Merino (larache)', 'Av de José Galán Merino', 37.424775, -5.987989),
(310, 323, 'Águila Perdicera (bda.la Música)', 'Calle Carmen Vendrell', 37.365894, -5.949537),
(311, 324, 'Los Claveles (dña Francisquita)', 'Calle de los Claveles, 3-11', 37.374574, -5.949987),
(312, 325, 'Doña Francisquita (la Calesera)', 'Av Doña Francisquita, 14-20', 37.375026, -5.947884),
(313, 326, 'La Calesera (la Monteria)', 'Av de la Calesera, 7', 37.377191, -5.948045),
(314, 327, 'La Monteria (frt.mercado)', 'Av de la Montería', 37.376987, -5.950159),
(315, 328, 'Ciudad De Chiva,av. (frt.pza.collao)', 'Av de la Ciudad de Chiva, 11-13', 37.410238, -5.926137),
(316, 329, 'Bailén (hotel Colón)', 'Calle Bailén, 6-14', 37.390891, -5.998256),
(317, 330, 'Luis Montoto (buhaira, Sent.centro)', 'Calle de Luis Montoto, 61', 37.387234, -5.977539),
(318, 331, 'Luis Montoto (juan Antonio Cavestany)', 'Calle de Luis Montoto, 23', 37.387967, -5.981637),
(319, 332, 'Monsalves (fernán Caballero)', 'Calle Monsalves, 25', 37.392263, -5.998557),
(320, 333, 'Amador De Los Rios (jupiter)', 'Calle Amador de los Ríos, 38', 37.390955, -5.982689),
(321, 334, 'Recaredo (merlo)', 'Calle de Recaredo, 43', 37.392455, -5.984159),
(322, 335, 'Luis Montoto (jiménez Aranda)', 'Calle de Luis Montoto, 24', 37.387703, -5.98183),
(323, 336, 'Luis Montoto (esq.buhaira)', 'Calle de Luis Montoto, 56', 37.387106, -5.978558),
(324, 337, 'Santa Vicenta María', 'Calle Santa Vicenta María, 9-11', 37.393584, -5.997484),
(325, 338, 'La Calesera (doña Francisquita)', 'Av de la Calesera, 29-31', 37.37471, -5.947208),
(326, 339, 'Ciudad De Alfafar,av (frt.gandia)', 'Calle Ciudad de Alfafar, 5', 37.41219, -5.929323),
(327, 340, 'Madrid,aux.autovia (carr.aerop.viejo)', 'Carretera de Andalucía', 37.413553, -5.933186),
(328, 341, 'Ramon Y Cajal,av. (marques De Nervion)', 'Av de Ramón y Cajal, 19-23', 37.375955, -5.970683),
(329, 342, 'Ramon Y Cajal,av. (bda.conde Bustillo)', 'Av de Ramón y Cajal, 8A', 37.37697, -5.974202),
(330, 344, 'Ramon Y Cajal,av. (gasolinera)', 'Av de Ramón y Cajal, 10a', 37.376677, -5.97375),
(331, 345, 'Ramon Y Cajal,av. (viviendas Patronat)', 'Av de Ramón y Cajal, 42-66', 37.375554, -5.969803),
(332, 346, 'Las Leandras (los Gavilanes)', 'Calle Leandras, 6', 37.375281, -5.951951),
(333, 347, 'Hytasa (a.rementeria)', 'Av de Hytasa, 95', 37.369356, -5.958045),
(334, 348, 'Hytasa (hernan Ruiz)', 'Av de Hytasa, 51', 37.371027, -5.96063),
(335, 349, 'Hytasa (aragon)', 'Av de Hytasa, 5', 37.37292, -5.963634),
(336, 350, 'Ramon Y Cajal,av. (matadero)', 'Av de Ramón y Cajal, 118', 37.374412, -5.96608),
(337, 351, 'Águila Perdicera (junto A Centro Salud)', 'Calle Águila Perdicera, 2A', 37.367275, -5.953388),
(338, 352, 'Ramon Y Cajal,av. (frt.matadero)', 'Av de Ramón y Cajal, 118', 37.374327, -5.966102),
(339, 353, 'Canal', 'Calle del Canal, 34', 37.374864, -5.962486),
(340, 354, 'Afan De Ribera (maestro Falla)', 'Calle Afán de Ribera, 80-90', 37.372779, -5.958806),
(341, 355, 'Afan De Ribera (galicia)', 'Calle Afán de Ribera, 150', 37.370839, -5.955791),
(342, 356, 'Afan De Ribera (juan Talavela Here)', 'Calle Afán de Ribera, 202', 37.369501, -5.953689),
(343, 357, 'Hytasa (illesca)', 'Av de Hytasa, 127', 37.368307, -5.955813),
(344, 358, 'Monsalves (miguel De Carvajal)', 'Calle de Miguel de Carvajal, 1-9', 37.391948, -5.999651),
(345, 359, 'San Luis (arco Macarena)', 'Calle San Luis, 129', 37.402551, -5.989276),
(346, 360, 'Pilar Bardem (av.alc.j.fernandez)', 'Calle Pilar Bardem', 37.372672, -5.97447),
(347, 361, 'La Paz,rotonda Av. (bl.10 Mandamientos)', 'Av de la Paz', 37.372451, -5.973655),
(348, 362, 'Emilio Lemos, Avda. (sendai)', 'Av de Emilio Lemos, 45-47', 37.404946, -5.916106),
(349, 363, 'Letonia,glorieta (c.salud Bermejales)', 'Av de Jerez', 37.345878, -5.975865),
(350, 364, 'Reino Unido,av. (glt.letonia, D.prado))', 'Av de Jerez', 37.346586, -5.975575),
(351, 365, 'Glorieta Forja Xxi (esq. Baena)', 'Calle de Baena', 37.378061, -5.941393),
(352, 366, 'El Silencio', 'Calle Silencio, 2-6', 37.392502, -5.997055),
(353, 367, 'Poeta M.benitez,av. (av.paz,dir.f.conde)', 'Av Poeta Manuel Benítez Carrasco, 14', 37.368627, -5.970485),
(354, 368, 'Ingeniero La Cierva (fte. Eva Cervantes)', 'Calle Ingeniero la Cierva, 1', 37.375341, -5.945095),
(355, 369, 'Poeta M.benitez,av. (r.oliva,d.f.conde)', 'Av Poeta Manuel Benítez Carrasco', 37.366064, -5.97181),
(356, 370, 'Madrid,aux.autovia (frt.hipermercado)', 'Carretera de Andalucía', 37.410571, -5.940235),
(357, 371, 'Emilio Lemos, Avda. Indonesia', 'Av de Emilio Lemos, 29-33', 37.403574, -5.919131),
(358, 372, 'Madrid,autovia (talbot)', 'Av de Kansas City', 37.40671, -5.954),
(359, 373, 'Orf.cayet.gonzalez', 'Calle de Orfebre Cayetano González, 356', 37.36047, -5.970458),
(360, 374, 'La Oliva Rda.de (orfeb.cayet.gonz.)', 'Ronda Nuestra Señora de la Oliva, 4', 37.362193, -5.971284),
(361, 375, 'Kansas City,av. (el Greco)', 'Av de Kansas City, 11', 37.394013, -5.969679),
(362, 376, 'Kansas City,av. (efeso)', 'Av de Kansas City, 55', 37.397206, -5.965679),
(363, 377, 'Poeta M.benitez,av. (bda.la Oliva)', 'Ronda del Tamarguillo, 24', 37.365647, -5.971901),
(364, 378, 'Valdelarco (guadalcanal)', 'Calle Valdelarco, 13', 37.409094, -5.976858),
(365, 379, 'Andalucia,av. (gral.l.alarc.lastra)', 'Av de Andalucía, 38', 37.386731, -5.950191),
(366, 381, 'Andalucia,av. (fte.bda.los Pájaros)', 'Av de Andalucía, 22', 37.387311, -5.955073),
(367, 382, 'Las Navas', 'Calle Puebla del Río', 37.374906, -5.94326),
(368, 383, 'Puebla Del Rio (esq. Montoro)', 'Calle La Puebla del Río', 37.376057, -5.941399),
(369, 384, 'Andalucia,av. (frt.tussam,d.torre)', 'Av de Andalucía, 46', 37.386546, -5.9466),
(370, 385, 'San Jose De Palmete (centro Transportes)', 'Ronda de la Negrilla', 37.381215, -5.938486),
(371, 386, 'Baena', 'Calle de Baena, 8-11', 37.376927, -5.940063),
(372, 387, 'Jose Sebast.bandaran (luis Ortiz Muñoz)', 'Calle José Sebastián Bandarán', 37.360684, -5.966692),
(373, 388, 'Andalucia,av. (tussam)', 'Av de Andalucía, 17', 37.386876, -5.94767),
(374, 389, 'Padre Pío, Ronda (castillo Guardas)', 'Ronda del Padre Pío, 68', 37.371351, -5.940878),
(375, 390, 'Andalucia,av. (marisco Rojo)', 'Av de Andalucía, 52', 37.386335, -5.942598),
(376, 391, 'Dra.navarro Rodriguez (doctor Madrazo)', 'Calle Doctor Navarro Rodríguez', 37.400863, -5.921363),
(377, 392, 'Coruña (dir.av.de Coria)', 'Calle de La Coruña', 37.382108, -6.012094),
(378, 393, 'Brenes,crta.de  (frente C/san Cayetano)', '', 0, 0),
(379, 394, 'Evangelista (colegio Salesianos)', 'Calle Evangelista, 48', 37.379708, -6.006697),
(380, 395, 'Ciudad Blanca,urban.', 'Calle Gema, 40', 37.400386, -5.929956),
(381, 396, 'Lopez De Gomara (m.porres,dir.cartu)', 'Calle López de Gomara, 11', 37.379877, -6.008703),
(382, 399, 'Dr.m.rios Sarmiento (insti.v Centenario)', 'Calle Doctor Miguel Ríos Sarmiento', 37.39817, -5.930954),
(383, 400, 'Indonesia (japon,dir.parq.alc)', 'Calle Indonesia, 4A', 37.404784, -5.918777),
(384, 401, 'India (japon,dir.republic)', 'Calle India, 6', 37.406898, -5.916138),
(385, 402, 'Republica De China (indones.dir.p.alc.)', 'Av República de China, 22', 37.406991, -5.919893),
(386, 403, 'Carabela Santa Maria', 'Calle Carabela Santa María, 5-7', 37.402909, -5.953656),
(387, 404, 'Juan Ponce De Leon', 'Calle Fray Francisco de Pareja, 51', 37.400292, -5.949676),
(388, 405, 'Rodrigo De Escobedo', 'Calle de Rodrigo de Escobedo, 38', 37.399542, -5.947691),
(389, 406, 'Opera Carmen', 'Calle Ópera Carmen, 43-65', 37.400838, -5.947219),
(390, 407, 'Fidelio (habitat 71)', 'Calle Fidelio, 12', 37.405466, -5.949816),
(391, 408, 'Republica De China (indonesia,d.india)', 'Av República de China, 22', 37.406898, -5.919689),
(392, 409, 'Andalucia,av. (frt.marisco Rojo)', 'Av de Andalucía, 52', 37.386612, -5.942595),
(393, 410, 'India (japon,d.emilio Le.)', 'Calle India, 7A', 37.406821, -5.916374),
(394, 411, 'Kansas City,auxiliar (frt.el Greco)', 'Av de Kansas City, 9b', 37.393678, -5.970876),
(395, 412, 'La Plata, Av. De (ambulatorio)', 'Av de la Plata', 37.372374, -5.945427),
(396, 413, 'Padre Pío, Ronda (padre Pio Este)', 'Ronda del Padre Pío, 54', 37.371411, -5.942037),
(397, 414, 'Dra. Este (dir.bda.palmete)', 'Calle Salobreña, 15-23', 37.373986, -5.935439),
(398, 415, 'Dra. Este,acceso (padre Pio)', 'Av de Barrios Unidos', 37.371726, -5.938078),
(399, 416, 'Afecto (solidaridad)', 'Calle Afecto, 43', 37.37269, -5.932896),
(400, 417, 'Afecto (comprension)', 'Calle Afecto, 69', 37.370669, -5.931984),
(401, 418, 'Indulgencia (sinceridad)', 'Calle Indulgencia, 21', 37.370566, -5.930568),
(402, 419, 'Honestidad (confianza)', 'Calle San José de Palmete, 46-62', 37.375196, -5.930396),
(403, 420, 'Chucena', 'Calle de Chucena, 2A', 37.38096, -5.939612),
(404, 421, 'Chucena Posadas', 'Calle de Chucena', 37.378837, -5.941501),
(405, 422, 'Padre Pio,ronda', 'Ronda del Padre Pío, 54', 37.371564, -5.942198),
(406, 423, 'La Plata, Av. De (fte. Ambulatorio)', 'Av de la Plata', 37.372528, -5.94532),
(407, 424, 'Guadalbullón (pedro Salvador)', 'Calle Guadalbullón, 7', 37.353938, -5.977914),
(408, 425, 'Guadalbullón (instituto)', 'Calle Guadalbullón, 1a', 37.355754, -5.978858),
(409, 426, 'Honestidad (comprension)', 'Calle Comprensión, 57-65', 37.371581, -5.928487),
(410, 427, 'Indonesia (japon,d.and.reside)', 'Calle Indonesia, 3', 37.404716, -5.918927),
(411, 428, 'Dra. Oeste,ronda (col.publ.padre Pio)', 'Ronda de la Doctora, 55', 37.373031, -5.940492),
(412, 429, 'Torbizcón (Trevelez)', 'Calle Torbizcón, 16-20', 37.3767138046108, -5.93433916568756),
(413, 430, 'Plus Ultra,gta.(frt.est.b.villamarin)', 'Paseo de la Palmera, 8', 37.356991, -5.980318),
(414, 431, 'Honestidad (soledad)', 'Calle Honestidad', 37.373517, -5.929356),
(415, 432, 'Guadalbullón (frt.instituto)', 'Calle Guadalbullón, 1a', 37.355644, -5.978998),
(416, 433, 'Alc.l.uruñuela,av. (p.expos.d.ciencia)', 'Av del Alcalde Luis Uruñuela, 1', 37.405423, -5.932059),
(418, 435, 'Afan (residencia 3ª Edad)', 'Calle San José de Palmete, 2', 37.376701, -5.932522),
(419, 436, 'Guadalbullón (p.salvad.dir.pined)', 'Calle Guadalbullón, 7', 37.353836, -5.978022),
(420, 437, 'Garcia Morato,av. (instituto)', 'Av de García Morato, 84', 37.368367, -6.011367),
(421, 438, 'Garcia Morato,av. (tablada)', 'Av de García Morato, 52', 37.367949, -6.0092),
(422, 439, 'Ali Al-gomari (pineda, Dir. Bellavista)', 'Calle de Ali Al-Gomari, 1-5', 37.352079, -5.976155),
(423, 441, 'Alc.l.uruñuela,av. (p.alc.dir.av.cienc)', 'Av del Alcalde Luis Uruñuela', 37.404503, -5.929227),
(424, 444, 'Mujer Trabajadora,av (casa Cuna)', '', 0, 0),
(425, 445, 'Mujer Trabajadora,av (calle Ajimez)', '', 0, 0),
(426, 446, 'Dr.m.rios Sarmiento (urbaniz.cruz Este)', 'Calle Doctor Miguel Ríos Sarmiento, 2-9', 37.395085, -5.928669),
(427, 447, 'Ulises (grupo Resid.odisea)', 'Calle de Ulises, 7-93', 37.395528, -5.925397),
(428, 448, 'Mujer Trabajadora,av (arcos,dir.mirafl.)', '', 0, 0),
(429, 449, 'Andalucía, Av. (fte. Pajaritos,1ª)', 'Av de Andalucía', 37.387456, -5.957787),
(430, 450, 'Luis Montoto (el Corte Inglés,det.)', 'Calle de Luis Montoto, 120', 37.387174, -5.971509),
(431, 452, 'Utrera Molina,av. (frte C.c.los Arcos)', 'Paseo del Padre José María Javierre Ortas', 37.387856, -5.958613),
(432, 453, 'Montes Sierra,av. (rafael Beca Mateos)', 'Carretera Amarilla, 10', 37.391807, -5.955813),
(433, 454, 'Montes Sierra,av. (frt.tall.obras Pub)', 'Carretera Amarilla, 22', 37.397625, -5.947477),
(434, 455, 'Alc.l.uruñuela,av. (las Gondolas)', 'Av del Alcalde Luis Uruñuela', 37.401256, -5.943378),
(435, 456, 'Alc.l.uruñuela,av. (la Moraleja)', 'Calle Alcalde Luis Uruñuela, 12b-14b', 37.401631, -5.943528),
(436, 457, 'Alc.l.uruñuela,av. (los Azores)', 'Av del Alcalde Luis Uruñuela', 37.402474, -5.941908),
(437, 458, 'Montes Sierra,av. (tall.obras Public.)', 'Carretera Amarilla, 22', 37.397957, -5.947326),
(438, 459, 'Montes Sierra,av. (fr.b.mateo,d.g.pl.)', 'Carretera Amarilla, 13', 37.392263, -5.955354),
(439, 460, 'Utrera Molina,av. (c.comerc.los Arcos)', 'Av de Utrera Molina', 37.38876, -5.959402),
(440, 461, 'Maria Auxiliadora (frt.ambulatorio)', 'Calle de María Auxiliadora, 23', 37.395323, -5.982976),
(441, 462, 'Kansas City,av. (c.c. El Mirador)', 'Av de Kansas City, 4-26', 37.389084, -5.973663),
(442, 463, 'La Revoltosa,avda. (centro Deport.amate)', 'Av de la Revoltosa', 37.378743, -5.946586),
(443, 464, 'La Aeronautica,av. (frt.edif.helios)', 'Av de la Aeronáutica, 3', 37.388828, -5.920569),
(444, 465, 'Dulce Del Moral (andalucía Residencial)', 'Calle Dulce del Moral', 37.387123, -5.923069),
(445, 466, 'La Calesera (avenida La Montería)', 'Av de la Calesera, 4', 37.37749, -5.948185),
(446, 468, 'Feria (bécquer)', 'Calle Feria, 160-164', 37.402636, -5.991755),
(447, 469, 'Emilio Lemos (san Ildefonso)', 'Av de Emilio Lemos, 27', 37.403293, -5.920612),
(448, 470, 'Maria Auxiliadora (dr.relimpio,det.)', 'Calle de María Auxiliadora, 10', 37.395016, -5.98285),
(449, 471, 'Las Ciencias,av. (inversion Hogar)', 'Av de las Ciencias, 36', 37.401878, -5.92677),
(450, 472, 'Las Ciencias,av. (nueva Heliopolis)', 'Av de las Ciencias, 40a', 37.403275, -5.9278),
(451, 473, 'Alc.l.uruñuela,av. (p.alcosa,d.g.plaza)', 'Calle Alcalde Luis Uruñuela', 37.404835, -5.929184),
(452, 474, 'Alc.l.uruñuela,av. (frt.p.exposiciones)', 'Calle Alcalde Luis Uruñuela', 37.405557, -5.933135),
(453, 475, 'Alc.l.uruñuela,av. (urbanizac.al Alba)', 'Calle Alcalde Luis Uruñuela', 37.403959, -5.938963),
(454, 476, 'La Acogida,plaza (hipermercado)', 'Plaza de la Acogida', 37.405142, -5.939773),
(455, 477, 'Fernando Zobel', 'Calle de Fernando Zobel, 28-48', 37.405304, -5.942681),
(456, 478, 'Luis Fuentes Bejar.', 'Calle de Luis Fuentes Bejarano', 37.404179, -5.945342),
(457, 479, 'Maria Auxiliadora (jardines Del Valle)', 'Calle de María Auxiliadora, 25-41', 37.395547, -5.982805),
(458, 480, 'Jose Laguillo (ambulatorio)', 'Av de José Laguillo, 3A-5A', 37.3939, -5.982935),
(459, 481, 'Tamarguillo,rda.(cent.civico S.jeronimo)', 'Ronda del Tamarguillo, 20', 37.4236, -5.978912),
(460, 482, 'Malaga,autovia (la Negrilla)', 'Av de Andalucía', 37.385776, -5.930579),
(461, 483, 'Malaga,autovia (fte.la Negrilla)', 'Autovía A-92', 37.386271, -5.932403),
(462, 484, 'Malaga,autovia (persán)', 'Av de Andalucía, 6', 37.38564, -5.926234),
(463, 485, 'Malaga,autovia (automovilismo)', 'Autovía A-92', 37.386109, -5.927285),
(464, 486, 'Malaga,aux.autovia (hispacold)', 'Calle Pino Albar', 37.385606, -5.921019),
(465, 487, 'Torreblanca,gta. (rot.torr.d.ildefo.)', 'Av de Pero Mingo, 3-9', 37.385878, -5.914711),
(466, 488, 'Estaca De Vares (creus)', 'Calle Estaca de Vares, 9-19', 37.383969, -5.916438),
(467, 489, 'Malaga,aux.autovia (frente Venta)', 'Autovía A-92', 37.385256, -5.913488),
(468, 490, 'Malaga,aux.autovia (torrebermeja)', 'Autovía A-92', 37.383662, -5.908756),
(469, 491, 'Malaga,aux.autovia (torremont.)', 'Calle Torres de Albarracín, 67', 37.382511, -5.905387),
(470, 492, 'Emilio Lemos (av.de Las Ciencias)', 'Av de Emilio Lemos, 7', 37.401524, -5.925091),
(471, 493, 'Las Acacias,plaza (igl.s.ant.padua)', 'Calle del Abedul, 15', 37.383355, -5.899798),
(472, 494, 'Malaga,aux.autovia (drago)', 'A-8026, 5-17', 37.381224, -5.901707),
(473, 495, 'Carlos V, Av. (1ª,dir. Pasarela)', 'Av de Carlos V, 2', 37.380303, -5.985285),
(474, 496, 'Torrelaguna (torremejia)', 'Calle Torrelaguna, 84', 37.385009, -5.902587),
(475, 497, 'Las Ciencias,av. (ciudad Blanca)', 'Av de las Ciencias, 57-59', 37.403037, -5.92809),
(476, 498, 'Torrelaguna (torrellana)', 'Calle Torrelaguna, 71', 37.385111, -5.905623),
(477, 499, 'Pero Mingo (sobre Canal Bj.guadalq.)', 'Calle Torrelaguna, 18', 37.385512, -5.909271),
(478, 500, 'Pero Mingo (primera)', 'Av de Pero Mingo, 2', 37.385657, -5.913241),
(479, 501, 'El Cid, Av. (consulado Portugal)', 'Av de El Cid', 37.380081, -5.988675),
(480, 502, 'Ulpiano Blanco (hacia Auxiliar N-iv)', '', 0, 0),
(481, 503, 'Jerez,av. (rot.ent.b.el Cano)', 'Calle del Bergantín, 3', 37.350714, -5.97755),
(482, 504, 'Reino Unido,av.(av.alemania,dir.bellav.)', 'Av del Reino Unido, 16', 37.346561, -5.976809),
(483, 505, 'María Galiana (fte. Hospital Fremap)', 'Calle María Galiana', 37.343362, -5.973333),
(484, 506, 'Jerez,auxiliar Av. (frt.uralita,dir.b.)', '', 37.333552, -5.969524),
(485, 507, 'Jerez,auxiliar Av. (italica Isabelina)', '', 37.331786, -5.968827),
(486, 508, 'Bellavista, Av. (eduardo Miura)', '', 37.326787, -5.969439),
(487, 509, 'Torneo (estacion Autobuses)', 'Av Torneo', 37.391624, -6.003385),
(488, 510, 'Americo Vespucio (p.m.40)', 'Calle Américo Vespucio, 5', 37.401415, -6.009229),
(489, 511, 'Bellavista, Av. (venta Antequera)', '', 37.327555, -5.96887),
(490, 512, 'Bellavista, Av. (frt.asencio Y Tol.)', '', 37.324159, -5.968784),
(491, 513, 'Bellavista, Av. (colegio Lora Tamayo)', '', 37.321122, -5.968827),
(492, 514, 'Bellavista, Av. (frt.nueva Bellav.)', 'Av de Bellavista', 37.315806, -5.969406),
(493, 515, 'Bellavista, Av. (nueva Bellavista)', 'Av de Bellavista', 37.315977, -5.968956),
(494, 516, 'Bellavista, Av. (frt.hospital Valme)', '', 37.321071, -5.968494),
(495, 517, 'Jerez,av. (uralita)', '', 37.333638, -5.969063),
(496, 518, 'Astronomía', 'Av Astronomía', 37.427059, -5.977432),
(497, 519, 'Americo Vespucio (frt.p.m.40)', 'Calle Américo Vespucio, 5', 37.401332, -6.009189),
(498, 520, 'María Galiana (hospital Militar)', 'Calle María Galiana', 37.344718, -5.973698),
(499, 521, 'Jerez,av. (rotonda Bda.pineda)', 'Calle Elche', 37.351303, -5.976777),
(500, 522, 'Gran Plaza (av. Cruzcampo, Del.)', 'Calle Gran Plaza, 13', 37.381879, -5.965426),
(501, 523, 'Las O.n.g. (pza.bib-rambla)', 'Calle de las Ongs, 12', 37.406881, -5.924292),
(502, 524, 'Ciudad De Chiva,av. (arbol Del Rey)', 'Av de la Ciudad de Chiva, 32', 37.408449, -5.921127),
(503, 525, 'Ciudad De Chiva,av. (pza.zocodover)', 'Av de la Ciudad de Chiva, 28-30', 37.409284, -5.923444),
(504, 526, 'Gran Plaza (isl.meson Toboso)', 'Calle Almotamid, 3', 37.381292, -5.965222),
(505, 527, 'Eduardo Dato,av. (gran Plaza)', 'Av de Eduardo Dato, 99', 37.381735, -5.966949),
(506, 528, 'Jerez,av. (jardines De Hércules)', '', 37.331812, -5.968419),
(507, 532, 'Paseo Colón (junto Plaza Toros)', 'Paseo de Cristóbal Colón, 11', 37.385252, -5.998892),
(508, 534, 'Bellavista, Av. (edif. Vistabella)', '', 37.328715, -5.96872),
(509, 535, 'Bellavista, Av. (hospital De Valme)', '', 37.31881, -5.969074),
(510, 536, 'Paseo Las Delicias (esq. Almirante Lobo)', 'Paseo de las Delicias, 5', 37.381716, -5.99544),
(511, 537, 'Polígono Store (calle A, Crt.carmona)', 'Calle Nivel', 37.404731, -5.963441),
(512, 538, 'Traviesa (esq. Tren Changai)', 'Calle Travesía', 37.420345, -5.98565),
(513, 539, 'José Galán Merino (la Bachillera)', 'Av de José Galán Merino', 37.415053, -5.987801),
(514, 540, 'San Jerónimo,av. (la Bachillera)', 'Calle Eucalipto', 37.414985, -5.987479),
(515, 541, 'Astronomía (dir. Tecnología)', 'Av Astronomía', 37.427255, -5.97711),
(516, 542, 'Torremegía (esq. Torres Quevedo)', 'Calle Torremegía, 51', 37.383807, -5.903714),
(517, 543, 'Biología (el Higuerón)', 'Calle del Trabuco', 37.43062, -5.976402),
(518, 544, 'M.romero Martínez (tanatorio)', 'Calle de Miguel Romero Martínez, 2', 37.431353, -5.978998),
(519, 545, 'Cataluña (fte.valencia)', 'Calle de Cataluña, 36', 37.424503, -5.983365),
(520, 546, 'José Galán Merino (fte.larache)', 'Av de José Galán Merino', 37.424818, -5.98845),
(521, 549, 'Gran Plaza (opencor,del.)', 'Calle Gran Plaza, 1', 37.381897, -5.966338),
(522, 551, 'Alcalá Del Río (esq. Marruecos)', 'Calle Alcalá del Río, 2-8', 37.421734, -5.985961),
(523, 552, 'Traviesa (dir.av.san Jerónimo)', 'Calle Travesía', 37.418513, -5.985639),
(524, 553, 'San Luis (pza.pumarejo)', 'Calle San Luis, 87', 37.400744, -5.988793),
(525, 555, 'Magdalena,plaza (esq. O''donnell)', 'Plaza de la Magdalena, 1', 37.39114, -5.996907),
(526, 557, 'Gonzalo J.de Quesada (pta.triana)', 'Calle Gonzalo Jiménez de Quesada', 37.390872, -6.010551),
(527, 558, 'Roma,av. (hotel Alfonso Xiii, 4ª)', 'Av de Roma', 37.3808657503568, -5.99295616149902),
(528, 560, 'Oceanográfica, Gta. (parque Emp. Torneo)', 'Av Astronomía', 37.425738, -5.973279),
(529, 561, 'Ali Al-gomari (bda. Pineda, Dir.prado)', 'Calle de Ali Al-Gomari, 1-5', 37.352011, -5.975844),
(530, 562, 'Trajano (esq. Alameda)', 'Calle de Trajano, 51', 37.396766, -5.994439),
(531, 563, 'Duque,plaza (jardines,del.)', 'Plaza del Duque de la Victoria, 14', 37.392979, -5.995821),
(532, 564, 'Ulpiano Blanco Antes Bda.aerop.viejo', '', 0, 0),
(533, 565, 'Carlos V,av. (5ª,dir. Pasarela)', 'Av de Carlos V, 2', 37.380388, -5.985602),
(534, 566, 'Manuel Siurot,av. (rafael Salgado)', 'Av Manuel Siurot, 45-53', 37.359183, -5.980586),
(535, 567, 'Efeso (la Solea,dir.ada)', 'Calle Efeso, 367', 37.394744, -5.963988),
(536, 568, 'Ada (dir.utrera Molina)', 'Calle Ada, 1', 37.390405, -5.959423),
(537, 569, 'Ulpiano Blanco (aero.viejo, Barr.bajo)', '', 0, 0),
(538, 570, 'Ada (dir.efeso)', 'Calle Siracusa, 45', 37.391641, -5.959783),
(539, 571, 'La Monteria (mercado)', '', 0, 0),
(540, 572, 'Gran Plaza (edif.g.plaza,det.)', 'Calle Gran Plaza, 3-5', 37.381164, -5.966156),
(541, 573, 'Gran Plaza (av.cruz Campo,det.)', 'Calle Gran Plaza, 11', 37.381667, -5.965254),
(542, 574, 'Manuel Siurot,av. (f.murillo)', 'Av Manuel Siurot, 54', 37.359456, -5.980951);
INSERT INTO `paradas` (`_id`, `numero`, `nombre`, `direccion`, `latitud`, `longitud`) VALUES
(543, 575, 'Dr. Fedriani,av. (dr.marañon,d.maca.)', 'Av Doctor Fedriani, 11', 37.408005, -5.985446),
(544, 576, 'Ponce De León,plaza(isleta 1, Ext.,det.)', 'Plaza de Ponce de León, 15', 37.393184, -5.987431),
(545, 577, 'Ponce De León,plaza (isleta 4)', 'Plaza de Ponce de León, 11A', 37.39344, -5.987334),
(546, 578, 'Jose Bermejo (fray Seraf. Madrid)', 'Calle de José Bermejo', 37.41236, -5.979127),
(547, 579, 'Fray Serafin Madrid', 'Calle Fray Serafín de Madrid', 37.41069, -5.97873),
(548, 580, 'Tesalonica (ent.tarso Y Av.sol)', 'Calle Tesalónica', 37.396779, -5.960303),
(549, 581, 'La Calesera (la Mont.d.dña Fran)', '', 0, 0),
(550, 582, 'Cort.de Las Casillas (esparteros)', 'Calle Cortijo de las Casillas, 25', 37.420294, -5.961006),
(551, 583, 'Doña Francisquita (la Cal.d.los Clave)', '', 0, 0),
(552, 584, 'San Diego (dir.s.juan De La S)', 'Calle Profesor Tierno Galván, 15', 37.414618, -5.966696),
(553, 585, 'San Diego (d.av.pino Montano)', '', 0, 0),
(554, 586, 'Doña Francisquita (la Rosaleda)', '', 0, 0),
(555, 587, 'Tamarguillo,rda. (c.deport.s.jeronimo)', 'Ronda del Tamarguillo', 37.424417, -5.981863),
(556, 588, 'Menendez Pelayo,av. (2ª Juzgados,det.)', 'Calle Menéndez Pelayo, 4', 37.382059, -5.987828),
(557, 589, 'Carlos V,av. (5ª,diego De Riaño)', 'Calle de José María Osborne, 1', 37.38064, -5.98491),
(558, 590, 'Jerusalen (frt.parr.s.j.ribe.)', 'Calle de Jerusalén', 37.394045, -5.961381),
(559, 591, 'Menendez Pelayo,av. (general Rios)', 'Av de Menéndez Pelayo, 32D', 37.384489, -5.986669),
(560, 592, 'Dr.laffon Soto (colegio Oscus)', 'Calle Doctor Laffon Soto, 6', 37.397184, -5.961923),
(561, 593, 'Las Leandras (los Gavil.p.local)', '', 0, 0),
(562, 594, 'Orf.cayet.gonzalez (sebastian Bandaran)', '', 0, 0),
(563, 595, 'La Oliva Rda.de (zona Deportiva)', '', 0, 0),
(564, 596, 'Tamarguillo,rda. (hipermercado)', '', 0, 0),
(566, 598, 'Andalucia,av. (utrera Molina)', 'Av de Andalucía', 37.387456, -5.957787),
(567, 599, 'San J.de La Cruz,av. (av.juan Xxiii)', 'Av Juan XXIII, 40-42', 37.379887, -5.954882),
(568, 600, 'San J.de La Cruz,av. (pl.de Las Moradas)', 'Av de San Juan de la Cruz, 24', 37.378393, -5.957634),
(569, 601, 'San J.de La Cruz,av. (pl.ruperto Chapi)', 'Av de San Juan de la Cruz, 2-4', 37.377183, -5.959831),
(570, 602, 'Canal (santuar.de La Cabe)', 'Calle del Canal, 18', 37.374028, -5.963312),
(571, 603, 'Secoya (rot.p.congr.d.alco)', 'Calle Secoya', 37.406804, -5.934913),
(572, 604, 'Secoya (parque Alcosa)', 'Calle Secoya', 37.409062, -5.933658),
(573, 605, 'Ciudad De Chiva,av. (frt.col.franc.rom)', 'Av de la Ciudad de Chiva, 8', 37.411576, -5.930257),
(574, 606, 'Republica De China (birmania,dir.ildef)', 'Av República de China, 18', 37.405662, -5.922886),
(575, 607, 'San Jose De Palmete (correos)', 'Ronda de la Negrilla', 37.378879, -5.935321),
(576, 608, 'Jose Laguillo (esq.mª Auxiliadora)', 'Calle de la Glorieta Cruceiro, 2', 37.393866, -5.983516),
(577, 609, 'Luis Ortiz Muñoz (jose Galnares)', 'Calle de Luis Ortiz Muñoz', 37.358142, -5.966445),
(578, 610, 'Medicos Sin Fronteras (felicidad Abril)', 'Calle de Felicidad Abril de Dios', 37.400744, -5.922725),
(579, 611, 'Cíes (fuerteventura)', 'Calle Cíes', 37.38015, -5.916899),
(580, 612, 'Almirante Topete (pilar Bardem)', 'Calle Almirante Topete, 6', 37.371692, -5.976326),
(581, 614, 'Jose Sebast.bandaran(o.c.gonz.d.l.orti.)', 'Calle José Sebastián Bandarán, 239', 37.359694, -5.968226),
(582, 615, 'Navio Argos', 'Calle Navío Argos, 9-13', 37.381897, -5.958731),
(583, 616, 'Andalucia,av. (los Paj.dir.torre.)', 'Av de Andalucía, 30', 37.386825, -5.951854),
(584, 617, 'Alemania, Avda. (suecia)', 'Av de Alemania, 16', 37.345401, -5.980178),
(585, 618, 'Dinamarca,av. (sadus)', 'Calle de Dinamarca, 13', 37.349145, -5.986798),
(586, 619, 'Triana,ronda (m.arellano,d.reme.)', 'Ronda de Triana, 32', 37.385228, -6.011297),
(587, 620, 'Flor De Azalea (c/. Baliza)', 'Calle Flor de Azalea, 7', 37.392758, -5.917447),
(588, 621, 'Flor De Porcelana (frt.flor De Pascua)', 'Calle Flor de Porcelana, 4', 37.394607, -5.91691),
(589, 622, 'Galaxia', 'Calle Galaxia, 8', 37.38363, -5.956728),
(590, 623, 'Flor De Retama (frt.c.civico B.inf)', 'Calle Flor de Retama, 4', 37.397599, -5.919056),
(591, 624, 'Blas Infante (edificio Urbis)', 'Av de Blas Infante, 6A', 37.374889, -6.007781),
(592, 625, 'Alfredo Kraus,av.  (parq.los Principes)', 'Av de Alfredo Kraus', 37.373201, -6.008411),
(593, 626, 'Blas Infante (frt.edificio Urbis)', 'Av de Blas Infante, 6A', 37.374559, -6.008376),
(594, 627, 'Blas Infante (l.gomara,parq.prin)', 'Av de Blas Infante, 4', 37.375503, -6.006515),
(595, 629, 'Blas Infante (l.gomara.frt.p.principes)', 'Av de Blas Infante, 4', 37.375588, -6.006402),
(596, 630, 'Magdalena,plaza (juanita Reina Puerto)', 'Plaza de la Magdalena, 9', 37.391193, -5.997122),
(597, 631, 'Juan Bautista Muñoz (l.da Vinci,d.barq.)', 'Calle Américo Vespucio', 37.412622, -6.004602),
(598, 632, 'San Pablo', 'Calle San Pablo, 41-47', 37.389538, -5.999214),
(599, 633, 'Carabela La Niña', 'Calle Carabela La Niña', 37.40417, -5.951596),
(600, 634, 'Las Villas De Cuba,av.(dir.pedro Romero)', 'Av de las Villas de Cuba, 21', 37.401716, -5.956424),
(601, 635, 'Tesalonica (curro Cuchares)', 'Calle de Pascual Márquez, 1-5', 37.398775, -5.961692),
(602, 636, 'Kansas City,auxiliar (frt.efeso)', 'Av de Kansas City, 55', 37.397588, -5.965893),
(603, 638, 'Alv.nuñez C.de Vaca (fray Marcos Niza)', 'Calle Alvar Núñez Cabeza de Vaca, 1', 37.399329, -5.952728),
(604, 639, 'Republica De China (birmania,d.p.alc.)', 'Av República de China, 18', 37.405773, -5.923026),
(605, 640, 'Fidelio (opera Carmen)', 'Calle Fidelio, 22', 37.403864, -5.948592),
(606, 641, 'Montes Sierra,av. (utr.mol.d.s.ildef.)', 'Av de Montes Sierra, 2', 37.390829, -5.957728),
(607, 642, 'Montes Sierra,av. (frt.s.clara Cuba)', 'Carretera Amarilla, 22', 37.394002, -5.951886),
(608, 643, 'Montes Sierra,av. (sta Clara De Cuba)', 'Carretera Amarilla, 22', 37.394232, -5.951768),
(609, 644, 'Montes Sierra,av. (utr.molina,d.g.pl.)', 'Av de Montes Sierra, 9', 37.391102, -5.95764),
(610, 645, 'Estrella Haris (estrella Canopus)', 'Calle Estrella Arturo, 3A', 37.427391, -5.967883),
(611, 646, 'Estrella Haris (agricultores)', 'Calle Estrella Arturo', 37.426556, -5.96549),
(612, 647, 'Ulpiano Blanco (aerop.viejo,dir.alcosa)', '', 0, 0),
(613, 648, 'Garrochistas (salineros)', 'Calle Garrochistas', 37.425747, -5.963345),
(614, 649, 'Alv.nuñez C.de Vaca (antioquia)', 'Calle Alvar Núñez Cabeza de Vaca, 35', 37.397842, -5.955327),
(615, 651, 'Jose Sebast.bandaran(o.muñoz,d.fal Cond)', 'Calle José Sebastián Bandarán, 137', 37.361255, -5.966552),
(616, 652, 'Jose Sebast.bandaran(o.c.gonz.d.f.cond.)', 'Calle José Sebastián Bandarán, 152-156', 37.360121, -5.968076),
(617, 654, 'Marques Luca De Tena(m.siurot,dir.pgo.s)', 'Calle Torcuato Luca de Tena, 20', 37.360573, -5.980543),
(618, 655, 'Ciudad De Chiva,av. (coleg.franc.romero)', 'Av de la Ciudad de Chiva, 8', 37.411661, -5.930074),
(619, 656, 'Maria Auxiliadora (laborat.municipal)', 'Calle de María Auxiliadora, 14', 37.395204, -5.982807),
(620, 657, 'Secoya (p.alcosa,d.alc.l.u)', 'Calle Secoya', 37.409169, -5.933819),
(621, 658, 'Secoya (rot.p.cong.d.p.alc)', 'Calle Secoya', 37.406821, -5.935138),
(622, 659, 'Real De La Jara (frt.ambulatorio)', 'Calle de El Real de la Jara, 24C', 37.410698, -5.974299),
(623, 660, 'Las Delicias,paseo  (bar Chile)', 'Paseo de las Delicias, 7b', 37.377321, -5.992656),
(624, 661, 'Puerto Del Escudo (puerto Alazores)', 'Calle Puerto del Escudo, 2', 37.375975, -5.955073),
(625, 662, 'Marques De Paradas (albuera)', 'Calle Marqués de Paradas, 55-59', 37.388947, -6.000702),
(626, 663, 'Zorzal', 'Calle Zorzal, 2', 37.386126, -5.954461),
(627, 665, 'Cruz Del Sur (av.de Andalucia)', 'Calle de la Cruz del Sur, 1-3', 37.385913, -5.959042),
(628, 666, 'Cruz Del Sur (federico M.gayarre)', 'Calle de la Cruz del Sur, 13-27', 37.381906, -5.959579),
(629, 667, 'Alc.l.uruñuela,av. (frt.jardin Eden)', 'Av del Alcalde Luis Uruñuela', 37.404349, -5.936018),
(630, 668, 'Alc.l.uruñuela,av. (jardines Del Eden)', 'Calle Alcalde Luis Uruñuela', 37.404537, -5.936641),
(631, 669, 'Brenes,crta.de(calle San Cayetano)', '', 0, 0),
(632, 670, 'Carmona,carretera (parque Atlantico)', 'Grupo Parque Atlántico, 1-32', 37.403155, -5.965873),
(633, 671, 'Juan Bautista Muñoz (frt.l.da Vinci)', 'Calle Américo Vespucio', 37.412712, -6.004761),
(634, 672, 'Jerónimo De Córdoba,p. (supermercado)', '', 0, 0),
(635, 673, 'Valdezorras,crrtra.(fte.cent.miraflores)', '', 0, 0),
(636, 674, 'Valdezorras,crrtra. (aerop.viejo.d.vere)', '', 0, 0),
(637, 675, 'Ulpiano Blanco Aerop.viejo,bda.', '', 0, 0),
(638, 676, 'Vereda Poco Aceite (venta Vargas)', '', 0, 0),
(639, 677, 'Halcón (terminal)', '', 0, 0),
(640, 678, 'Vereda Poco Aceite (frt.venta Vargas)', '', 0, 0),
(641, 679, 'El Gordillo, Bda.', '', 0, 0),
(642, 680, 'El Gordillo,carrtra. (cort.cordobes)', '', 0, 0),
(643, 681, 'Valdezorras,crrtra. (aer.viejo,dir.rial)', '', 0, 0),
(644, 682, 'Cent.social Miraflores', '', 0, 0),
(645, 683, 'Valdezorras,crrtra.(centro Miraflores)', '', 0, 0),
(646, 684, 'Medina Y Galnares (hospital S.lazaro)', 'A-3102', 37.414601, -5.983161),
(647, 685, 'Ronda Norte,aux. (cruce Av. P. Montano)', '', 0, 0),
(648, 687, 'Padre G.tejero,av.(est.ben.villamarin)', 'Av del Padre García Tejero, 4', 37.357221, -5.982356),
(649, 688, 'Tamarguillo,rda. (av.andal.dir.u.mol)', 'Calle Clemente Hidalgo', 37.386117, -5.959514),
(650, 689, 'Tamarguillo,rda. (av.andal.d.g.plaza)', 'Calle Clemente Hidalgo', 37.386727, -5.959659),
(651, 690, 'Tamarguillo,rda. (m.pickm.d.av.andal)', 'Ronda del Tamarguillo, 134a', 37.381497, -5.960051),
(652, 691, 'Tamarguillo,rda. (m.pickm.d.g.plaza)', 'Ronda del Tamarguillo, 134a', 37.381326, -5.960308),
(653, 692, 'Tamarguillo,rda. (r.chapi,d.m.pickm.)', 'Av Ronda del Tamarguillo, 46', 37.377502, -5.960566),
(654, 693, 'Tamarguillo,rda. (f.buend.d.r.cajal)', 'Av Ronda del Tamarguillo', 37.376356, -5.961692),
(655, 694, 'Tamarguillo,rda. (r.caj.d.pl.r.chap.)', 'Av Ronda del Tamarguillo', 37.373968, -5.963795),
(656, 695, 'Tamarguillo,rda. (r.cajal,dir.p.sur)', 'Av Ronda del Tamarguillo, 1-5', 37.372924, -5.965158),
(657, 696, 'Tamarguillo,rda. (hiper,d.pl.r.chap.)', 'Av Ronda del Tamarguillo', 37.370754, -5.967486),
(658, 697, 'Tamarguillo,rda. (frt.hiper,d.r.cha.)', 'Av Ronda del Tamarguillo', 37.370362, -5.968221),
(659, 698, 'Carmona,carretera (ronda Tamarguillo)', 'Carretera de Carmona, 110', 37.403131, -5.968217),
(660, 699, 'Tamarguillo,rda. (c.carm.d.s.j.sall.)', 'Av del Alcalde Manuel del Valle', 37.404187, -5.968677),
(661, 700, 'Asoc.de Vecinos,av. (parque Atlantico)', 'Av de las Asociaciones de Vecinos', 37.405044, -5.964521),
(662, 701, 'Alc.m.del Valle,av. (esc.secretariado)', 'Av del Alcalde Manuel del Valle', 37.406045, -5.969031),
(663, 702, 'Asoc.de Vecinos,av. (las Naciones)', 'Av de las Asociaciones de Vecinos', 37.407009, -5.965139),
(664, 703, 'Alc.m.del Valle,av. (s.juan De La Salle)', 'Av del Alcalde Manuel del Valle, 41', 37.408485, -5.970259),
(665, 704, 'Jerusalen (parroq.s.juan De R)', 'Calle de Jerusalén', 37.39393, -5.961159),
(666, 705, 'Jerusalen (tesalonica)', 'Calle de Jerusalén', 37.395238, -5.959514),
(667, 706, 'Asoc.de Vecinos,av. (frt.parq.miraflor.)', 'Av de las Asociaciones de Vecinos', 37.408457, -5.965598),
(668, 707, 'Arroyo (v.alanis,d.r.tama.)', 'Calle Arroyo, 80', 37.398119, -5.974486),
(669, 708, 'Arroyo (v.alanis,d.j.lagu.)', 'Calle Arroyo, 109', 37.398315, -5.974409),
(670, 709, 'Tharsis (r.tamarg,d.k.city)', 'Calle Argantonio, 18', 37.399223, -5.971241),
(671, 710, 'Tharsis (r.tamarg,d.arroyo)', 'Calle Tharsis, 13-17', 37.399713, -5.970587),
(672, 711, 'Inca Garcilaso (francisco Montesin)', 'Calle del Inca Garcilaso', 37.395249, -6.009854),
(673, 712, 'Alc.m.del Valle,av. (c.carmona,frt.corz)', 'Av del Alcalde Manuel del Valle, 2a', 37.401605, -5.969449),
(674, 713, 'Alc.m.del Valle,av. (b.alcaz.d.s.pablo)', 'Av del Alcalde Manuel del Valle', 37.399398, -5.969095),
(675, 714, 'Alc.m.del Valle,av. (b.alcaz.d.c.carmo.)', 'Av del Alcalde Manuel del Valle', 37.400812, -5.969363),
(676, 715, 'Alc.m.del Valle,av. (huertas,d.c.carmo.)', 'Av del Alcalde Manuel del Valle', 37.397343, -5.966413),
(677, 716, 'Las Ciencias,av. (edif.entreflores)', 'Av de las Ciencias, 20', 37.395818, -5.922382),
(678, 717, 'Efeso (pabellon Deportes)', 'Calle Efeso, 1a', 37.395767, -5.964632),
(679, 718, 'Americo Vespucio (frt.ger.urbanismo)', 'Calle Américo Vespucio, 5', 37.397409, -6.010246),
(680, 719, 'Tesalonica (barrio D)', 'Calle Tesalónica', 37.396866, -5.960019),
(681, 720, 'Jeronimo De Cordoba (jauregui, Del)', 'Plaza del Padre Jerónimo de Córdoba, 13', 37.393039, -5.986573),
(682, 721, 'Las Ciencias,av. (edificio Becker)', 'Av de las Ciencias, 26a', 37.398954, -5.924699),
(683, 723, 'Malaga,aux.autovia (canal B.guadalqu.)', 'Carretera Alcalá del Río, 25', 37.384429, -5.910902),
(684, 724, 'Ada (alborea,dir.efeso)', 'Calle Memphis, 1-19', 37.39283, -5.961279),
(685, 725, 'Ada (tarso,dir.r.tamarg)', 'Calle Ada', 37.393299, -5.962288),
(686, 726, 'Kansas City,av. (frt.est.sta.justa)', 'Av de Kansas City, 32', 37.39061, -5.97388),
(687, 727, 'Kansas City,auxiliar (est.santa Justa)', 'Av de Kansas City, 32', 37.390678, -5.974556),
(688, 728, 'Andalucia,av. (bda.los Pajaros)', 'Calle Gorrión, 6', 37.387174, -5.957937),
(689, 729, 'Americo Vespucio (louis Braile)', 'Calle Américo Vespucio, 53', 37.403648, -6.008551),
(690, 730, 'Americo Vespucio (jacques Cousteau)', 'Calle Américo Vespucio, 53', 37.407628, -6.007521),
(691, 731, 'Turia (ciudad De Chiva)', 'Calle Ciudad de Liria, 6', 37.410085, -5.92692),
(692, 732, 'Valdezorras,crrtra. (r.sup.nor.d.vereda)', '', 0, 0),
(693, 733, 'Valdezorras,crrtra. (r.sup.nor.d.rialto)', '', 0, 0),
(694, 734, 'Las Ciencias,av. (edif.estrella Este)', 'Av de las Ciencias, 27', 37.398136, -5.924624),
(695, 735, 'Las Ciencias,av. (frt.edif.entreflor)', 'Av de las Ciencias, 21a', 37.395715, -5.922897),
(696, 736, 'Las Ciencias,av. (frt.edif.camelias)', 'Av de las Ciencias, 5', 37.391462, -5.920376),
(697, 737, 'Americo Vespucio (facult.c.comunicac)', 'Calle Américo Vespucio, 53', 37.4103, -6.006791),
(698, 738, 'Juan Bautista Muñoz (francisco De Xerez)', 'Calle de Juan Bautista Muñoz', 37.411474, -5.99941),
(699, 739, 'Andalucia Residenc. (edificio Malaga)', 'Av del Deporte, 1', 37.38691, -5.919077),
(700, 740, 'Ulpiano Blanco(bda.aer.viejo.dir Alcosa)', '', 0, 0),
(701, 741, 'La Barqueta,pta.de (dir. Resolana)', 'Puente de la Barqueta', 37.405129, -5.998819),
(702, 742, 'María Galiana (centro Salud Bermejales)', 'Calle de Santa María de la Cabeza, 1', 37.346816, -5.974352),
(703, 743, 'Las Ciencias,av. (edificio Albeniz)', 'Av de las Ciencias, 13', 37.393363, -5.921234),
(704, 744, 'Hesperides (alcalde M.del Vall)', 'Calle de las Hespérides, 2', 37.399363, -5.968301),
(705, 745, 'Torneo (san Laureano,d.arj)', 'Av Torneo, 80', 37.393474, -6.003964),
(706, 746, 'Cristo Expirac.,av. (est.autob.pl.armas)', 'Av Cristo de la Expiriación', 37.390729, -6.00372),
(707, 747, 'Torneo (san Laureano,d.res)', 'Av Torneo, 80', 37.394006, -6.003508),
(708, 748, 'Torneo (pza.armas,anterior)', 'Av Torneo', 37.391466, -6.002988),
(709, 749, 'Colon,paseo (frt.edif.cristina)', 'Paseo de las Delicias, 1', 37.382123, -5.995762),
(710, 750, 'Jose Laguillo (esperanza Trinidad)', 'Av de José Laguillo, 16-18', 37.39299, -5.980905),
(711, 751, 'Jose Laguillo (lope De Vega)', 'Av de José Laguillo, 28-30', 37.392191, -5.979242),
(712, 752, 'Luis De Morales (el Corte Ingles)', 'Calle Luis de Morales, 2k', 37.386684, -5.97233),
(713, 753, 'Dr. Fleming (p.g.tejero,d.elca.)', 'Calle Doctor Fleming, 7', 37.356437, -5.983644),
(714, 754, 'Jose Laguillo (est.ffcc.sta.justa)', 'Av de José Laguillo', 37.390884, -5.976579),
(715, 755, 'Jose Laguillo (frt.est.ffcc.sta.j)', 'Av de José Laguillo', 37.390742, -5.976683),
(716, 756, 'Luis Ortiz Muñoz (carr.su Eminencia)', 'Calle de Luis Ortiz Muñoz', 37.356528, -5.969621),
(717, 757, 'Luis De Morales (e.dato,frt.s.pizju)', 'Calle Luis de Morales, 28', 37.383747, -5.9731),
(718, 758, 'Enramadilla (apead.s.bernardo)', 'Av Luis Carande', 37.3782740083074, -5.97909450531006),
(719, 759, 'Enramadilla (edif.viapol,det.)', 'Calle Enramadilla, 1C', 37.378598, -5.978569),
(720, 760, 'Victoria Domguez.cerrato(su Eminencia)', 'Calle Victoria Domínguez Cerrat', 37.357017, -5.97211),
(721, 761, 'San Roman Plaza', 'Calle Peñuelas, 21', 37.394906, -5.986841),
(722, 762, 'Agricultores (sembradores)', 'Calle de los Agricultores, 7', 37.422074, -5.966864),
(723, 763, 'Andalucia,av. (c.comerc.los Arcos)', 'Av de Andalucía, 20', 37.387581, -5.960237),
(724, 764, 'Presos Merinales,gta. (cruce C.dos Herm)', '', 37.329517, -5.967808),
(725, 765, 'Carlos V,av. (6ª,diego De Riaño)', 'Calle de José María Osborne, 1', 37.380772, -5.98543),
(726, 766, 'Concej.a.j.becerril (c/maimónides)', 'Av del Concejal Alberto Jiménez Becerril, 3a', 37.407162, -5.992736),
(727, 767, 'Navarra (frt.larache)', 'A-431, 43', 37.425764, -5.985532),
(728, 768, 'Triana,ronda (s.v.paul,d.cartuja)', 'Ronda de Triana, 39', 37.382976, -6.010664),
(729, 769, 'Triana,ronda (s.v.paul,dir.remed)', 'Ronda de Triana, 56', 37.382714, -6.010519),
(730, 770, 'Triana,ronda (m.arellano,d.cart.)', 'Ronda de Triana, 32', 37.385369, -6.011238),
(731, 771, 'Triana,ronda (santa Ana)', 'Ronda de Triana, 8', 37.388429, -6.010664),
(732, 772, 'Triana,ronda (frt.santa Ana)', 'Ronda de Triana, 5', 37.387652, -6.01083),
(733, 773, 'Cristo Expirac.,av. (frente Pta.triana)', 'Calle Odiel', 37.389697, -6.00965),
(734, 774, 'Corvina (instit.b.s.jeron.)', 'Calle Corbina', 37.427212, -5.984105),
(735, 775, 'Colon,paseo (frt.dos De Mayo)', 'Paseo de Cristóbal Colón, 22', 37.383673, -5.997194),
(736, 776, 'Corvina (coquina)', 'Calle Corbina, 10-16', 37.42902, -5.982597),
(737, 777, 'Colon,paseo (frt.plaza Toros)', 'Paseo de Cristóbal Colón, 17', 37.385152, -5.998828),
(738, 778, 'Concej.a.j.becerril (jose Diaz)', 'Av del Concejal Alberto Jiménez Becerril, 22-23', 37.410126, -5.990521),
(739, 779, 'Arjona (reyes Catolicos)', 'Calle Arjona, 26-48', 37.387929, -6.002054),
(740, 780, 'Torneo (juan Rabadan)', 'Av Torneo, 48', 37.397987, -6.000657),
(741, 781, 'Torneo (frt.juan Rabadan)', 'Av Torneo, 48', 37.398068, -6.001153),
(742, 782, 'Juvent. Musicales,aux (gta. San Lázaro)', 'Av de las Juventudes Musicales', 37.413085, -5.98609),
(743, 783, 'Ulpiano Blanco (crta. Miraflores)', '', 0, 0),
(744, 784, 'Jose Laguillo (vara Del Rey)', 'Av de José Laguillo, 6', 37.393798, -5.982957),
(745, 785, 'Maria Auxiliadora (frt.j.laguillo,del)', 'Calle de María Auxiliadora, 15-17', 37.394055, -5.983732),
(746, 786, 'Capuchinos,rda. (trinidad,det.)', 'Ronda de Capuchinos, 42', 37.397865, -5.981535),
(747, 787, 'José Díaz (frt.hospital Univ.)', 'Calle del Doctor Marañón, 1', 37.408276, -5.9886),
(748, 788, 'La Barzola,av. (constantina)', 'Av de la Barzola, 1', 37.408977, -5.978059),
(749, 789, 'La Barzola,av. (r.jara,d.p.montano)', 'Av de la Barzola, 11', 37.413027, -5.976048),
(750, 790, 'Corral De Los Olmos (corral Del Acabose)', 'Calle Corral de los Olmos, 8-10', 37.418248, -5.971187),
(751, 791, 'Corral De Los Olmos (corral Del Moro)', 'Calle Corral de los Olmos, 3', 37.418138, -5.971391),
(752, 792, 'Mar De Alboran (corral Encarnacion)', 'Calle del Mar de Alborán, 7', 37.418402, -5.969353),
(753, 793, 'Mar De Alboran (corral De La Carid)', 'Calle del Mar de Alborán, 2-8', 37.418858, -5.968553),
(754, 794, 'Agricultores (bordadoras)', 'Calle Bordadoras, 6', 37.420822, -5.967507),
(755, 795, 'Escritor Alfonso Grosso (ild.marañon L.)', 'Calle del Escritor Alfonso Grosso', 37.411176, -5.921695),
(756, 796, 'Concej.a.j.becerril (frt.j.diaz,d.barq.)', 'Av del Concejal Alberto Jiménez Becerril, 21', 37.40873, -5.991899),
(757, 797, 'Dr. Fleming (p.g.tejero,d.heli.)', 'Calle Doctor Fleming, 7', 37.356369, -5.983407),
(758, 798, 'San Luis (pza.san Marcos)', 'Plaza de San Marcos, 5', 37.396457, -5.987935),
(759, 799, 'Emilio Lemos (kabul)', 'Calle de Calcutta, 2a', 37.4024, -5.923283),
(760, 800, 'Las Ciencias,av. (ciudad Verde)', 'Av de las Ciencias, 51', 37.401614, -5.927103),
(761, 801, 'Luis De Morales (est.s.pizjuan,del.)', 'Calle Sevilla Fútbol Club', 37.383926, -5.972786),
(762, 802, 'Holanda,av. (dir.bda Elcano)', 'Av de Holanda, 1-7', 37.354492, -5.981927),
(763, 803, 'Concej.a.j.becerril (barq.dir Pza Armas)', 'Av del Concejal Alberto Jiménez Becerril', 37.406979, -5.993214),
(764, 804, 'Mujer Trabajadora,av (frt.parq.miraflor)', '', 0, 0),
(765, 805, 'Antioquia (damasco,det.)', 'Calle Antioquía, 8', 37.398136, -5.956424),
(766, 806, 'Asoc.de Vecinos,av. (mujer Trabajadora)', 'Av de las Asociaciones de Vecinos', 37.410698, -5.966477),
(767, 807, 'Jerez,av. (hospital Fremap)', '', 37.343336, -5.974159),
(768, 808, 'Barqueta (blanquillo,det.)', 'Av Torneo, 1-16', 37.403599, -5.995233),
(769, 809, 'Barqueta (blanquillo,del.)', 'Av Torneo, 1-16', 37.403565, -5.995215),
(770, 810, 'Torneo (puente Barqueta)', 'Av Torneo, 18', 37.40302, -5.996518),
(771, 811, 'Holanda,av. (dir.heliopolis)', 'Av de Holanda, 1-7', 37.354364, -5.981702),
(772, 812, 'Italia,av. (d.bda.los Bermeja.)', 'Av de Italia', 37.351192, -5.981251),
(773, 813, 'La Paz,rotonda Av. (r.tam.dir.g.merry)', 'Av de la Paz, 77', 37.368853, -5.968419),
(774, 814, 'Italia,av. (dir.bda.heliopolis)', 'Av de Italia, 2', 37.351303, -5.980564),
(775, 815, 'Las Ciencias,av. (rotonda Al Este)', 'Av de las Ciencias, 59', 37.400011, -5.925944),
(776, 816, 'Bergantin (fragata)', 'Calle del Bergantín, 7', 37.350475, -5.978923),
(777, 817, 'Reino Unido,av. (av.francia,d.berm.)', 'Av del Reino Unido, 10', 37.348437, -5.977249),
(778, 818, 'Barqueta (resolana,det.)', 'Calle Resolana, 51', 37.403682, -5.994429),
(779, 819, 'Alc.m.del Valle,av. (huertas,dir.efeso)', 'Av del Alcalde Manuel del Valle', 37.397122, -5.966687),
(780, 820, 'La Aeronautica,av. (edificio Helios)', 'Av de la Aeronáutica, 6', 37.388419, -5.920075),
(781, 821, 'La Florida (oriente)', 'Calle de la Florida, 5', 37.388594, -5.983595),
(782, 822, 'La Paz, Av. (bda.la Oliva)', 'Av de la Paz, 3', 37.368767, -5.968591),
(783, 823, 'La Paz,av. (frt. 420 Viviendas)', 'Av de la Paz, 139', 37.362581, -5.961322),
(784, 824, 'Kansas City,av. (carr.carmona)', 'Av de Kansas City, 68', 37.402599, -5.9594),
(785, 825, 'F.corral Corachan,av', 'Av de Fernando Corral Corachán', 37.406846, -5.921717),
(786, 826, 'Turia (coop.virgen Reyes)', 'Calle Turia', 37.408057, -5.928315),
(787, 827, 'Almendralejo (secoya)', 'Calle Almendralejo, 9', 37.406318, -5.927918),
(788, 828, 'Almendralejo (c.p.manuel Cortina)', 'Calle Almendralejo, 2A', 37.405491, -5.925429),
(789, 829, 'La Paz, Av. (bda. La Paz)', 'Av de la Paz', 37.363583, -5.962529),
(790, 830, 'Autovia Utrera (ciudad Deportiva)', 'Autopista a la Universidad Laboral', 37.354006, -5.946146),
(791, 831, 'Concej.a.j.becerril (rot.puent.alamillo)', 'Av del Concejal Alberto Jiménez Becerril, 25', 37.412216, -5.989102),
(792, 832, 'Concej.a.j.becerril (terminal Barqueta)', 'Av del Concejal Alberto Jiménez Becerril, 2', 37.404324, -5.994582),
(793, 833, 'Utrera,autovia (frt.ciudad Deport.)', 'Autopista a la Universidad Laboral', 37.354236, -5.945803),
(794, 834, 'Concej.a.j.becerril (puente La Barqueta)', 'Av del Concejal Alberto Jiménez Becerril, 2', 37.404476, -5.995269),
(795, 835, 'F.mayo Gayarre (parque Amate)', 'Plaza 1 de Mayo', 37.38081, -5.9543),
(796, 836, 'Pio Xii,ronda (barzola,d.macarena)', 'Ronda de Pío XII, 2-20', 37.407153, -5.978252),
(797, 837, 'Ingeniero La Cierva (marco Polo)', 'Calle Ingeniero la Cierva, 103', 37.373911, -5.947305),
(798, 838, 'Ingeniero La Cierva (gabriela Mistral)', 'Calle Ingeniero la Cierva, 49', 37.372481, -5.949153),
(799, 839, 'Ingeniero La Cierva (gavilanes)', 'Calle Ingeniero la Cierva, 5', 37.371101, -5.950942),
(800, 840, 'Los Gavilanes (pabellon Municipal)', 'Calle Salteras, 25', 37.372225, -5.952097),
(801, 841, 'Los Gavilanes (bda.rochelambert)', 'Calle Gavilanes, 11-14', 37.374393, -5.953143),
(802, 842, 'Llanes,av. (mirafl.d.r.tamarg.)', 'Av de Llanes, 2-4', 37.404989, -5.974567),
(803, 843, 'Llanes,av. (instituto De F.p.)', 'Av de Llanes, 2-4', 37.404839, -5.973929),
(804, 845, 'Llanes,av. (c.carm.dir.pio Xii)', 'Av de Llanes, 26', 37.403267, -5.971059),
(805, 846, '8 De Marzo (melchor Alcazar)', 'Calle del Ocho de Marzo, 9', 37.368324, -5.953603),
(806, 847, 'Llanes,av. (c.carmona,d.r.tam.)', 'Av de Llanes, 14', 37.403237, -5.971268),
(807, 848, 'Inca Garcilaso (fco.monte.edif.wtc)', 'Calle del Inca Garcilaso', 37.395055, -6.010165),
(808, 849, 'Paseo De Europa (lyon)', 'Paseo de Europa, 3-5', 37.348028, -5.979706),
(809, 850, 'Francia,av. (paris)', 'Av de Francia, 1-29', 37.34819, -5.981884),
(810, 851, 'Las Letanias,av. (inst.a.domin.ortiz)', 'Av de las Letanías', 37.363242, -5.966209),
(811, 852, 'Escultor Seb. Santos (instituto F.p.)', 'Calle del Escultor Sebastián Santos', 37.359694, -5.962347),
(812, 853, 'José Galán Merino (cantina)', 'Av de José Galán Merino', 37.420481, -5.987098),
(813, 854, 'La Paz,av. (420 Viviendas)', 'Av de la Paz, 139', 37.362082, -5.960501),
(814, 855, 'La Paz,av. (grupo Escolar)', 'Av de la Paz', 37.363626, -5.96239),
(815, 856, 'La Paz,av. (frt.ronda La Oliva)', 'Av de la Paz', 37.365578, -5.964439),
(816, 857, 'Italia,av. (milan)', 'Av de Italia, 47', 37.350296, -5.98536),
(817, 858, 'Italia,av. (goleta)', 'Av de Italia, 11-17', 37.350629, -5.982163),
(818, 859, 'Cort.de Las Casillas (ronda Supernorte)', '', 0, 0),
(819, 860, 'Finlandia, Avda. (polonia)', 'Calle de Finlandia', 37.344191, -5.97541),
(820, 861, 'Poeta M.benitez,av. (g.abato,d.c.sanit.)', 'Av Poeta Manuel Benítez Carrasco', 37.363464, -5.973934),
(821, 862, 'Marques Luca De Tena (apead.dir.heliop.)', 'Calle Torcuato Luca de Tena, 32a', 37.362108, -5.976809),
(822, 863, 'Marques Luca De Tena(castillo Alcalá G.)', 'Calle Torcuato Luca de Tena, 32a', 37.362005, -5.976659),
(823, 864, 'Marques Luca De Tena(c.sanitaria,d.hel.)', 'Calle Torcuato Luca de Tena, 20', 37.360735, -5.9805),
(824, 865, 'Card.bueno Monreal (j.lara,dir.pgo.sur)', 'Calle Cardenal Bueno Monreal', 37.36835, -5.982839),
(825, 866, 'M.luca De Tena (m.siurot,dir.heliopolis)', 'Calle del Marqués de Luca de Tena, 15', 37.360257, -5.981863),
(826, 867, 'Poeta M.benitez,av.(g.abato,dir.av.paz)', 'Av Poeta Manuel Benítez Carrasco', 37.363519, -5.97365),
(827, 868, 'Reino Unido,av. (bolonia,dir.prado)', 'Av del Reino Unido, 10', 37.348454, -5.977088),
(828, 870, 'Pino Montano Carrtra.', '', 0, 0),
(829, 871, 'Cort.de Las Casillas (alfareros)', '', 0, 0),
(830, 872, 'La Palmera,av. (b.monr.d.p.delici.)', 'Paseo de la Palmera, 9', 37.367429, -5.986519),
(831, 873, 'La Palmera,av. (b.monreal,d.heliop)', 'Paseo de la Palmera, 14', 37.367296, -5.986776),
(832, 874, 'Ulpiano Blanco (aerop.viejo, Barr.bajo)', '', 0, 0),
(833, 875, 'Madrid,aux.autovia(hacia Ulpiano Blanco)', '', 0, 0),
(834, 876, 'El Gordillo,carrtra. (control De Vuelo)', '', 0, 0),
(835, 877, 'El Gordillo,carrtra. (hiedra)', '', 0, 0),
(836, 878, 'El Greco, Av. (agustin Moreno)', 'Av de El Greco, 46', 37.388854, -5.96619),
(837, 879, 'Bellavista, Av. (asencio Y Toledo)', '', 37.324475, -5.968537),
(838, 880, 'Poeta M.benitez,av. (av.de La Paz)', 'Av Poeta Manuel Benítez Carrasco, 12', 37.368567, -5.969546),
(839, 881, 'Poeta M.benitez,av. (b.oliva,dir.av.paz)', 'Ronda del Tamarguillo, 24', 37.366815, -5.970984),
(840, 882, 'Pages Del Corro (victoria)', 'Calle Pagés del Corro, 121', 37.382292, -6.001791),
(841, 883, 'Reyes Catolicos (pastor Y Landero)', 'Calle Reyes Católicos, 21-23', 37.388022, -6.000866),
(842, 885, 'San Vicente De Paúl (ig.gómez Millán)', 'Calle San Vicente de Paul, 11', 37.38435, -6.009017),
(843, 886, 'Telegrafistas (rda.norte,sent.aer.viejo)', '', 0, 0),
(844, 887, 'Amador De Los Rios (puerta Carmona)', 'Calle Amador de los Ríos, 6', 37.388845, -5.982496),
(845, 888, 'Recaredo (jupiter)', 'Calle de Recaredo, 20A-22A', 37.391556, -5.984022),
(846, 889, 'Recaredo (frt.pza.carmen Benit.)', 'Calle de Recaredo, 29', 37.391225, -5.98414),
(847, 890, 'Pages Del Corro (frt.iglesi.s.jacin)', 'Calle Pagés del Corro, 77', 37.383406, -6.004704),
(848, 891, 'La Barqueta,pta.de (dir.americo Vespuc)', 'Calle de José de Gálvez', 37.405594, -5.998731),
(849, 892, 'Alfredo Kraus,av. (frt.parq.los Princ)', 'Av de Alfredo Kraus', 37.37319, -6.008604),
(850, 893, 'Ramón De Carranza,av. (lipasam)', 'Av de Alfredo Kraus', 37.371592, -6.005104),
(851, 894, 'Alfonso De Orleans (av.g.morato,d.tab.)', 'Calle Alfonso de Orleans y Borbón, 1-3', 37.367627, -6.004243),
(852, 895, 'Garcia Morato,av. (supermercado)', 'Av de García Morato, 32A', 37.367746, -6.00759),
(853, 896, 'Alfonso De Orleans (av.g.mor.d.r.carr.)', 'Calle Alfonso de Orleans y Borbón, 2-4', 37.367716, -6.004192),
(854, 897, 'R.de Carranza (frt.lipasam)', 'Av de Alfredo Kraus', 37.37169, -6.004841),
(855, 898, 'Estaca De Vares (brunete)', 'Calle Estaca de Vares', 37.384063, -5.918283),
(856, 899, 'Chapina (dir.av.cristo Expi)', 'Plaza de Chapina, 1A', 37.389604, -6.007891),
(857, 900, 'Hesperides (dir.baltazar Alcazar)', 'Calle de las Hespérides, 10', 37.401288, -5.96581),
(858, 901, 'Gonzalo Bilbao (lope De Vega)', 'Calle Gonzalo Bilbao, 27', 37.392101, -5.980747),
(859, 902, 'Baltasar Alcazar (dir. Tharsis)', 'Calle Baltasar de Alcázar, 12', 37.401264, -5.967505),
(860, 903, 'Menendez Pelayo,av. (3ª Juzgados,detrás)', 'Calle Menéndez Pelayo, 4', 37.382375, -5.987678),
(861, 904, 'Carlos V,av. (4ª,diego De Riaño)', 'Calle de José María Osborne, 1', 37.380708, -5.985172),
(862, 905, 'Carlos V,av. (4ª,dir. Pasarela)', 'Av de Carlos V', 37.380516, -5.986143),
(863, 906, 'Carlos V,av. (3ª,dir. Pasarela)', 'Av de Carlos V, 2', 37.380457, -5.985875),
(864, 907, 'El Cid, Av. (facultad Derecho)', 'Av de El Cid', 37.380354, -5.989094),
(865, 909, 'Card.bueno Monreal (antonio Maura)', 'Calle Cardenal Bueno Monreal', 37.368819, -5.979824),
(866, 910, 'Hesperides (dir. Efeso)', 'Calle de las Hespérides, 11', 37.400906, -5.966628),
(867, 911, 'Esc. Sebastian Santos (parque Bomberos)', 'Calle del Escultor Sebastián Santos', 37.360692, -5.960362),
(868, 913, 'Roma,av. (hotel Alfonso Xiii,3ª)', 'Paseo de Vicente Aleixandre', 37.38181, -5.993672),
(869, 916, 'Carlos V,av. (2ª,dir.ramon Y Cajal)', 'Av de Carlos V', 37.380474, -5.986471),
(870, 917, 'Menendez Pelayo,av. (1ª Juzgados,det.)', 'Calle Menéndez Pelayo, 4', 37.381957, -5.987914),
(871, 918, 'Menendez Pelayo,av. (pasarela,del.)', 'Calle Menéndez Pelayo, 1a', 37.382074, -5.988066),
(873, 920, 'Ponce De León,plaza (isleta 1,interior)', 'Calle de las Escuelas Pías, 3', 37.393312, -5.98712),
(874, 921, 'Jeronimo De Cordoba (jauregui, Det)', 'Plaza del Padre Jerónimo de Córdoba, 14', 37.393116, -5.986733),
(875, 922, 'Gran Plaza (edif.g.plaza,del.)', 'Calle Gran Plaza, 1', 37.38142, -5.96651),
(876, 923, 'Gran Plaza (opencor,det.)', 'Calle Gran Plaza, 1', 37.381902, -5.966279),
(877, 925, 'Parlam.de Andalucia (macar.d.barq.det.)', 'Calle Andueza, 1', 37.403267, -5.988547),
(878, 927, 'Ramon Y Cajal,av. (empresariales,det.)', 'Av de Ramón y Cajal, 2A-10A', 37.377703, -5.976863),
(879, 928, 'Ramon Y Cajal,av. (frt.empresar.det.)', 'Av de Ramón y Cajal, 2A-10A', 37.377507, -5.976402),
(880, 929, 'Las Ciencias,av. (frt.edif.albeniz)', 'Av de las Ciencias, 11', 37.393516, -5.920719),
(881, 930, 'Barqueta (resolana,del.)', 'Calle Resolana, 43', 37.403693, -5.994051),
(882, 931, 'Isla De La Cartuja (teatro Central)', 'Calle de José de Gálvez', 37.408402, -5.996341),
(883, 932, 'Gonzalo J.de Quesada (pta.triana)', 'Calle Gonzalo Jiménez de Quesada', 37.390829, -6.010101),
(884, 933, 'Inca Garcilaso (puerta Triana)', 'Calle del Inca Garcilaso', 37.392915, -6.010482),
(885, 935, 'Juan Bautista M. (fco.xerez,dir.a.vesp.)', 'Calle de Juan Bautista Muñoz', 37.41141, -5.999152),
(886, 936, 'Americo Vespucio(fte. Facultad Comunic.)', 'Calle Américo Vespucio, 53', 37.410279, -6.006866),
(887, 937, 'Americo Vespucio (j.cousteau,d.trian)', 'Calle Américo Vespucio, 53', 37.407537, -6.007609),
(888, 938, 'Americo Vespucio (l.braile,d.triana)', 'Calle Américo Vespucio, 53', 37.403868, -6.008569),
(889, 939, 'Americo Vespucio (gerencia Urbanismo)', 'Calle Américo Vespucio, 5', 37.39784, -6.0102),
(890, 940, 'Inca Garcilaso (j.de Castellanos)', 'Calle del Inca Garcilaso', 37.391556, -6.011069),
(891, 941, 'Oceanografica, Gta. (parque Emp.torneo)', 'Calle Estrella Betelgueuse', 37.425295, -5.972013),
(892, 942, 'Finlandia, Avda. (hungría)', 'Calle de Finlandia', 37.343507, -5.980436),
(893, 943, 'Dña.maría Coronel (fte.san Felipe)', 'Calle de Doña María Coronel, 9-13', 37.39384, -5.989544),
(894, 944, 'Isla De La Cartuja (frt.teatro Central)', 'Calle de José de Gálvez', 37.408513, -5.996368),
(895, 945, 'Victoria Kent', 'Calle Victoria Kent, 5', 37.414808, -5.974516),
(896, 946, 'Estrella Canopus (frt.coleg.i.s.mej.)', 'Calle Estrella Canopus, 9', 37.423378, -5.970887),
(897, 947, 'Andalucia,av. (frt.c.c.los Arcos)', 'Av de Andalucía, 16', 37.387311, -5.961639),
(898, 948, 'Barqueta', '', 0, 0),
(900, 950, 'Esparteros (mercado)', 'Calle de los Esparteros, 5', 37.42204, -5.963699),
(901, 951, 'Camino De Los Toros (enfermeras)', '', 0, 0),
(902, 952, 'Parque De Doñana (hiper,d.pza.duque)', 'Calle Parque de Doñana, 2', 37.416851, -5.974245),
(903, 953, 'Parque De Doñana (hiper,d.p.montano)', 'Calle Parque de Doñana, 2', 37.416881, -5.973803),
(904, 954, 'La Barzola,av. (s.davila,d.p.monta)', 'Av de la Barzola, 15-17', 37.411039, -5.97715),
(905, 955, 'La Barzola,av. (s.davila,dir.p.duq)', 'Av de la Barzola, 14', 37.411465, -5.977099),
(906, 956, 'Santa Fe (niebla,dir.triana)', 'Calle Santa Fe, 3', 37.375154, -6.004854),
(907, 957, 'Santa Fe (niebla,dir.remed.)', 'Calle Santa Fe, 3', 37.375284, -6.005026),
(908, 958, 'Lopez De Gomara (pl.s.m.porr.d.reme)', 'Calle López de Gomara, 6', 37.379866, -6.008754),
(909, 959, 'Gonzalo J.de Quesada (pta.triana)', 'Calle Gonzalo Jiménez de Quesada', 37.390494, -6.008768),
(910, 960, 'Duque,plaza (jardines,det.)', 'Plaza del Duque de la Victoria, 11', 37.39306, -5.995723),
(911, 961, 'Estrella Betelgeuse (agricultores)', 'Calle Estrella Betelgueuse, 2A', 37.423719, -5.966842),
(912, 962, 'Tamarguillo,rda.(hiper.,dir.ronda Norte)', '', 0, 0),
(913, 963, 'Ponce De León,plaza(isleta 2)', 'Calle de las Escuelas Pías, 3', 37.393431, -5.986937),
(914, 964, 'Almirante Topete (estepa,d.felipe Ii)', 'Calle Almirante Topete, 32', 37.36968, -5.975908),
(915, 965, 'Almirante Topete (estepa,d.c.ilundain)', 'Calle Almirante Topete, 34', 37.369202, -5.976005),
(916, 966, 'Almirante Topete (ecija,d.felipe Ii)', 'Calle Ecija, 2-16', 37.3675, -5.9755),
(917, 967, 'Almirante Topete (ecija,d.c.ilundai)', 'Av del Párroco Don Antonio González Abato, 62a-66a', 37.367448, -5.975586),
(918, 968, 'Alf.lasso De La Vega (instituto)', 'Calle Alfonso Lasso de la Vega, 13', 37.366337, -5.972947),
(919, 969, 'Estrella Betelgeuse (estrella Canopus)', 'Calle Estrella Betelgueuse, 8A', 37.424494, -5.96916),
(920, 970, 'Camino De Los Toros (corral Del Moro)', 'Calle Camino de los Toros, 6-10', 37.421529, -5.970855),
(921, 971, 'Jose Sebast.bandaran (consultorio)', 'Calle José Sebastián Bandarán', 37.359566, -5.970436),
(922, 972, 'Victoria Domguez.cerrato (col.alb.lista)', 'Calle Victoria Domínguez Cerrat, 361', 37.360223, -5.973183),
(923, 973, 'Victoria Domguez.cerrato (benitez Carr.)', 'Calle Victoria Domínguez Cerrat', 37.361826, -5.97373),
(924, 974, 'Camino De Los Toros (mar De Alboran)', 'Calle Camino de los Toros, 4', 37.42089, -5.968913),
(925, 975, 'Almirante Topete (luis De Ayala)', 'Calle Almirante Topete, 8-12', 37.371104, -5.976402),
(926, 976, 'Reina Mercedes,av. (gta.alc.f.p.merry)', 'Av de la Reina Mercedes, 2', 37.35636, -5.986605),
(927, 977, 'Reina Mercedes,av. (gta.alc.f.p.merry)', 'Glorieta de Alcalde Fernando de Parias Merry', 37.356138, -5.986283),
(928, 978, 'Ramon Carande,av. (pedro Salinas)', 'Av de Ramón Carande, 11', 37.371283, -5.978258),
(929, 979, 'Ramon Carande,av. (dir.manuel Siurot)', 'Av de Ramón Carande, 28-29', 37.37089, -5.978386),
(930, 980, 'Card.bueno Monreal (fr.a.maura,d.siur.)', 'Calle Cardenal Bueno Monreal, 12', 37.368929, -5.98109),
(931, 981, 'Card.bueno Monreal (progr.dir.m.siurot)', 'Calle Cardenal Bueno Monreal', 37.368597, -5.983118),
(932, 983, 'Las Ciencias,av. (edif.las Camelias)', 'Av de las Ciencias, 2-8', 37.391453, -5.919893),
(933, 984, 'Enramadilla (edif. Viapol,del.)', 'Calle Enramadilla, 1C', 37.378385, -5.978719),
(934, 985, 'El Pitamo', 'Carretera Antigua a Pineda', 37.345887, -5.949354),
(935, 986, 'Isla Menor,carrtra. (rot.inst.la Grasa)', '', 37.314023, -5.971563),
(936, 987, 'Carlos V,av. (3ª,dir.ramon Y Cajal)', 'Av de Carlos V', 37.380324, -5.985988),
(937, 988, 'Carlos V,av. (1ª,diego De Riaño)', 'Calle de José María Osborne, 1', 37.380844, -5.985693),
(938, 989, 'Baltasar Alcazar (dir. Hesperides)', 'Calle Baltasar de Alcázar, 10', 37.401072, -5.967548),
(939, 991, 'Navarra (extremadura)', 'Callejón Horno, 3', 37.423105, -5.983858),
(940, 992, 'Medina Y Galnares (extremadura)', 'Calle Medina y Galnarés, 23', 37.422799, -5.983021),
(941, 993, 'Alf.lasso De La Vega (lora Del Rio)', 'Calle Sierra Pelada, 26', 37.366926, -5.973591),
(942, 994, 'Medina Y Galnares (gta.los Ferroviar.)', 'Glorieta de los Ferroviarios', 37.421478, -5.982571),
(943, 995, 'Medina Y Galnares (frt.gta.los Ferrov)', 'Av Doctor Fedriani, 91', 37.420583, -5.983257),
(944, 996, 'Álvaro Alonso Barba (c.alto Rendimiento)', '', 0, 0),
(945, 997, 'Medina Y Galnares (frt.fasa Renault)', 'Calle Medina y Galnarés, 117', 37.428831, -5.981305),
(946, 998, 'Álvaro Alonso Barba (frt.c.alto Rendim.)', '', 0, 0),
(947, 999, 'Deposito Puerta', '', 0, 0),
(948, 3000, 'Prado San Sebastián Hacia Pza Nueva', 'Av de Carlos V', 37.380844, -5.987061),
(949, 3001, 'Puerta Jerez Hacia Pza Nueva', 'Calle San Fernando, 7-11', 37.382204, -5.992473),
(950, 3002, 'Archivo De Indias (hacia Pza Nueva)', 'Av de la Constitución, 13', 37.384804, -5.993793),
(951, 3003, 'Plaza Nueva (descarga)', 'Plaza Nueva, 3', 37.388257, -5.995359),
(952, 3004, 'Plaza Nueva (hacia Prado)', 'Plaza Nueva, 2-3', 37.38818, -5.995166),
(953, 3005, 'Archivo De Indias (hacia Prado)', 'Av de la Constitución, 32-34', 37.384659, -5.993922),
(954, 3006, 'Puerta Jerez (hacia Prado)', 'Calle San Fernando, 7-11', 37.382059, -5.992334),
(955, 5009, 'Ficticia Alameda', '', 0, 0),
(956, 5010, 'Ficticia Alameda', '', 0, 0),
(957, 5011, 'Ficticia Osario', '', 0, 0),
(958, 5013, 'Ficticia Osario', '', 0, 0),
(959, 5014, 'Ficticia Osario', '', 0, 0),
(960, 5015, 'Ficticia Osario', '', 0, 0),
(961, 5016, 'Ficticia Osario', '', 0, 0),
(962, 5017, 'Ficticia Osario', '', 0, 0),
(963, 5018, 'Ficticia Osario', '', 0, 0),
(964, 5020, 'Deposito San Fernando Puerta', '', 0, 0),
(965, 5022, 'Prado - Feria- Ficticia Lineas Enc Incor', '', 0, 0),
(966, 6000, 'Especial Feria Cabecera Prado', '', 0, 0),
(967, 6001, 'Especial Feria Cabecera Feria', '', 0, 0),
(968, 6002, 'Especial Charco Pava Cabecera Feria', '', 0, 0),
(969, 6003, 'Especial Charco Pava Charco Pava L1', '', 0, 0),
(970, 6004, 'Especial Charco Pava Charco Pava L2', '', 0, 0),
(971, 6005, 'Av Roma', '', 0, 0),
(972, 6006, 'Aparcamiento P1', '', 0, 0),
(973, 9999, 'Depo2', '', 0, 0),
(975, 559, 'San Pablo (Méndez Nuñez)', 'Calle San Pablo, 2', 37.3906436547856, -5.99714040756225),
(976, 343, 'Emilio Lemos, Avda. (Periodista E. Chinarro)', 'Av de Emilio Lemos, 39', 37.4039402401734, -5.91731786727905),
(977, 222, 'Emilio Lemos  Av. (Hiper Alcampo)', 'Calle Taiwán', 37.4077412662051, -5.90990960597991),
(978, 380, 'Emilio Lemos, Avda. (Periodista J. Tribuna)', 'Av de Emilio Lemos, 65', 37.4053635168994, -5.91423869132996),
(979, 915, 'San Bernardo (Apeadero 3ª)', 'Calle Enramadilla, 12', 37.3782910595346, -5.97930908203125),
(980, 248, 'Ponce de León, Plaza (Juan de Mesa)', 'Plaza de Ponce de León, 15', 37.3930666218199, -5.98753541707992),
(981, 7, 'Campana (Sierpes, Del.)', 'Calle de la Campana, 3', 37.3927384496918, -5.99495440721511),
(982, 397, 'Hytasa (Plaza Alegre)', 'Calle de la Campana, 3', 37.3727747853071, -5.96353769302368),
(983, 398, 'Hytasa (P. Muñoz Torres)', 'Av de Hytasa, 12', 37.3706986172154, -5.96032977104187),
(984, 440, 'Hytasa (Algodón)', 'Av de Hytasa, 95', 37.3693386320216, -5.95820009708404),
(985, 226, 'Hytasa (P.I. Su Enmienda)', 'Av de Hytasa, 32-34', 37.3682813224235, -5.95600068569183),
(986, 548, 'Crta. Su Enmienda (Av. La Paz, Dir. UPO)', 'Carretera de Su Eminencia', 37.361706909851, -5.95879554748535),
(988, 869, 'Univ. Pablo Olavide', 'Autovía A-376', 37.3543984886386, -5.94294905662536),
(989, 547, 'Crta. Su Enmienda (Av. La Paz, Dir. Prado)', 'Carretera de Su Eminencia', 37.3613231714814, -5.95855951309204),
(990, 3009, 'San Bernardo (Enramadilla, Dir. PNV)', 'Calle Enramadilla, 1C', 37.3787258645191, -5.97900867462158),
(991, 3007, 'Prado San Sebastián (Hacia San Bernardo)', 'Av de Carlos V', 37.3807677091133, -5.98694264888763),
(992, 3008, 'San Bernardo (Descarga)', 'Calle Enramadilla', 37.3785809298043, -5.97878336906433),
(993, 990, 'Irlanda (Estonia)', 'Calle de Irlanda', 37.3426434004054, -5.9775522351265),
(994, 913, 'Hespérides (Viv. Renfe)', 'Calle de las Hespérides, 14', 37.4016390769, -5.96560835838318),
(995, 948, 'Andalucía, Av. (Frente C.C. Los Arcos)', 'Av de Andalucía, 20', 37.3873489759047, -5.95993012189865),
(996, 934, 'San Bernardo, Apead. (2ª)', 'Calle del Doctor Ordóñez de la Barrera', 37.3783464759964, -5.97949147224426),
(997, 949, 'S. Bernardo, Apead. (4ª)', 'Av Luis Carande', 37.3782995851468, -5.97921252250671),
(998, 884, 'Pagés del Corro (Antig. Merc. Municipal)', 'Calle Pagés del Corro, 33', 37.3854309202269, -6.0068017244339),
(999, 531, 'Luis Montoto (Eduardo Rivas)', 'Calle de Luis Montoto, 96-98', 37.3870634018349, -5.97615480422974),
(1000, 533, 'Kansas City, Aux. (Frt. Pol. San Pablo)', 'Av de Kansas City, 43', 37.3953573937336, -5.96861243247986),
(1001, 650, 'Aeropuerto de Sevilla (Llegadas)', 'Aeropuerto Nacional de San Pablo (SVQ)', 37.4223384815328, -5.90455055236816),
(1002, 722, 'José Laguillo (Est. FFCC. Sta. Justa)', 'Av de José Laguillo', 37.3909760981699, -5.97651958465576),
(1003, 924, 'San Bernardo (Junto Est. Cercanías)', 'Av Luis Carande', 37.3781546496083, -5.97934126853943);

-- --------------------------------------------------------

--
-- Estructura de tabla para la tabla `relaciones`
--

CREATE TABLE IF NOT EXISTS `relaciones` (
  `_id` int(11) NOT NULL,
  `parada_id` int(11) DEFAULT NULL,
  `linea_id` int(11) DEFAULT NULL,
  PRIMARY KEY (`_id`)
) ENGINE=InnoDB DEFAULT CHARSET=latin1;

--
-- Volcado de datos para la tabla `relaciones`
--

INSERT INTO `relaciones` (`_id`, `parada_id`, `linea_id`) VALUES
(1, 2, 1),
(2, 3, 1),
(3, 18, 1),
(4, 19, 1),
(5, 38, 1),
(6, 39, 1),
(7, 43, 1),
(8, 44, 1),
(9, 45, 1),
(10, 46, 1),
(11, 49, 1),
(12, 50, 1),
(13, 51, 1),
(14, 52, 1),
(15, 53, 1),
(16, 54, 1),
(17, 60, 1),
(18, 61, 1),
(19, 62, 1),
(20, 63, 1),
(21, 64, 1),
(22, 67, 1),
(23, 68, 1),
(24, 69, 1),
(25, 75, 1),
(26, 102, 1),
(27, 103, 1),
(28, 146, 1),
(29, 209, 1),
(30, 215, 1),
(31, 240, 1),
(32, 243, 1),
(33, 244, 1),
(34, 413, 1),
(35, 534, 1),
(36, 542, 1),
(37, 745, 1),
(38, 796, 1),
(39, 845, 1),
(40, 846, 1),
(41, 936, 1),
(42, 17, 2),
(43, 20, 2),
(44, 21, 2),
(45, 22, 2),
(46, 104, 2),
(47, 221, 2),
(48, 226, 2),
(49, 227, 2),
(50, 228, 2),
(51, 229, 2),
(52, 230, 2),
(53, 231, 2),
(54, 232, 2),
(55, 233, 2),
(56, 234, 2),
(57, 238, 2),
(58, 239, 2),
(59, 457, 2),
(60, 543, 2),
(61, 619, 2),
(62, 646, 2),
(63, 727, 2),
(64, 734, 2),
(65, 736, 2),
(66, 746, 2),
(67, 913, 2),
(68, 939, 2),
(69, 940, 2),
(70, 942, 2),
(71, 943, 2),
(72, 945, 2),
(73, 957, 2),
(74, 965, 2),
(75, 18, 3),
(76, 40, 3),
(77, 41, 3),
(78, 42, 3),
(79, 43, 3),
(80, 44, 3),
(81, 45, 3),
(82, 46, 3),
(83, 67, 3),
(84, 68, 3),
(85, 69, 3),
(86, 102, 3),
(87, 364, 3),
(88, 440, 3),
(89, 448, 3),
(90, 544, 3),
(91, 546, 3),
(92, 547, 3),
(93, 622, 3),
(94, 796, 3),
(95, 18, 4),
(96, 43, 4),
(97, 44, 4),
(98, 45, 4),
(99, 46, 4),
(100, 48, 4),
(101, 67, 4),
(102, 68, 4),
(103, 69, 4),
(104, 70, 4),
(105, 102, 4),
(106, 245, 4),
(107, 246, 4),
(108, 248, 4),
(109, 249, 4),
(110, 250, 4),
(111, 251, 4),
(112, 252, 4),
(113, 253, 4),
(114, 255, 4),
(115, 256, 4),
(116, 257, 4),
(117, 258, 4),
(118, 259, 4),
(119, 260, 4),
(120, 261, 4),
(121, 440, 4),
(122, 448, 4),
(123, 550, 4),
(124, 873, 4),
(125, 896, 4),
(126, 900, 4),
(127, 911, 4),
(128, 919, 4),
(129, 920, 4),
(131, 958, 4),
(132, 965, 4),
(133, 7, 5),
(134, 24, 5),
(135, 41, 5),
(136, 42, 5),
(137, 72, 5),
(138, 73, 5),
(139, 103, 5),
(140, 104, 5),
(141, 222, 5),
(142, 223, 5),
(143, 224, 5),
(144, 225, 5),
(145, 226, 5),
(146, 227, 5),
(147, 245, 5),
(148, 246, 5),
(149, 247, 5),
(150, 262, 5),
(151, 265, 5),
(152, 277, 5),
(153, 285, 5),
(154, 530, 5),
(155, 610, 5),
(156, 611, 5),
(157, 613, 5),
(158, 722, 5),
(159, 748, 5),
(160, 749, 5),
(161, 750, 5),
(162, 751, 5),
(163, 752, 5),
(164, 753, 5),
(165, 754, 5),
(166, 877, 5),
(167, 891, 5),
(168, 895, 5),
(169, 900, 5),
(170, 902, 5),
(171, 903, 5),
(172, 904, 5),
(173, 905, 5),
(174, 910, 5),
(175, 911, 5),
(176, 919, 5),
(177, 955, 5),
(178, 7, 6),
(179, 14, 6),
(180, 71, 6),
(181, 72, 6),
(182, 73, 6),
(183, 208, 6),
(184, 210, 6),
(185, 211, 6),
(186, 212, 6),
(187, 222, 6),
(188, 223, 6),
(189, 224, 6),
(190, 225, 6),
(191, 236, 6),
(192, 254, 6),
(193, 290, 6),
(194, 530, 6),
(195, 531, 6),
(196, 747, 6),
(197, 756, 6),
(198, 763, 6),
(199, 956, 6),
(200, 77, 7),
(201, 99, 7),
(202, 258, 7),
(203, 259, 7),
(204, 263, 7),
(205, 264, 7),
(206, 269, 7),
(207, 273, 7),
(208, 274, 7),
(209, 275, 7),
(210, 287, 7),
(211, 457, 7),
(212, 511, 7),
(213, 552, 7),
(214, 632, 7),
(215, 659, 7),
(216, 660, 7),
(217, 661, 7),
(218, 662, 7),
(219, 663, 7),
(220, 664, 7),
(221, 667, 7),
(222, 681, 7),
(223, 766, 7),
(224, 959, 7),
(225, 965, 7),
(226, 18, 8),
(227, 43, 8),
(228, 44, 8),
(229, 45, 8),
(230, 46, 8),
(231, 48, 8),
(232, 67, 8),
(233, 68, 8),
(234, 69, 8),
(235, 70, 8),
(236, 102, 8),
(237, 250, 8),
(238, 253, 8),
(239, 255, 8),
(240, 256, 8),
(241, 257, 8),
(242, 260, 8),
(243, 424, 8),
(244, 425, 8),
(245, 428, 8),
(246, 440, 8),
(247, 552, 8),
(248, 553, 8),
(249, 619, 8),
(250, 634, 8),
(251, 635, 8),
(252, 636, 8),
(253, 638, 8),
(254, 639, 8),
(255, 640, 8),
(256, 643, 8),
(257, 644, 8),
(258, 645, 8),
(259, 692, 8),
(260, 693, 8),
(261, 764, 8),
(262, 766, 8),
(263, 15, 9),
(264, 25, 9),
(265, 56, 9),
(266, 72, 9),
(267, 73, 9),
(268, 74, 9),
(269, 102, 9),
(270, 103, 9),
(271, 104, 9),
(272, 150, 9),
(273, 226, 9),
(274, 227, 9),
(275, 262, 9),
(276, 353, 9),
(277, 355, 9),
(278, 363, 9),
(279, 431, 9),
(280, 439, 9),
(281, 535, 9),
(282, 536, 9),
(283, 538, 9),
(284, 617, 9),
(285, 648, 9),
(286, 649, 9),
(287, 650, 9),
(288, 651, 9),
(289, 652, 9),
(290, 653, 9),
(291, 654, 9),
(292, 655, 9),
(293, 656, 9),
(294, 657, 9),
(295, 658, 9),
(296, 673, 9),
(297, 674, 9),
(298, 675, 9),
(299, 676, 9),
(300, 678, 9),
(301, 684, 9),
(302, 685, 9),
(303, 779, 9),
(304, 796, 9),
(305, 802, 9),
(306, 803, 9),
(307, 804, 9),
(308, 806, 9),
(309, 820, 9),
(310, 821, 9),
(311, 822, 9),
(312, 823, 9),
(313, 826, 9),
(314, 838, 9),
(315, 839, 9),
(316, 881, 9),
(317, 79, 10),
(318, 80, 10),
(319, 97, 10),
(320, 108, 10),
(321, 152, 10),
(322, 266, 10),
(323, 267, 10),
(324, 270, 10),
(325, 271, 10),
(326, 535, 10),
(327, 548, 10),
(328, 558, 10),
(329, 576, 10),
(330, 600, 10),
(331, 601, 10),
(332, 665, 10),
(333, 666, 10),
(334, 668, 10),
(335, 669, 10),
(336, 670, 10),
(337, 671, 10),
(338, 676, 10),
(339, 678, 10),
(340, 680, 10),
(341, 704, 10),
(342, 779, 10),
(343, 857, 10),
(344, 859, 10),
(345, 866, 10),
(346, 874, 10),
(347, 938, 10),
(348, 960, 10),
(349, 965, 10),
(350, 2, 11),
(351, 3, 11),
(352, 4, 11),
(353, 38, 11),
(354, 82, 11),
(355, 83, 11),
(356, 94, 11),
(357, 95, 11),
(358, 105, 11),
(359, 106, 11),
(360, 107, 11),
(361, 108, 11),
(362, 128, 11),
(363, 130, 11),
(364, 134, 11),
(365, 135, 11),
(366, 278, 11),
(367, 279, 11),
(368, 317, 11),
(369, 318, 11),
(370, 322, 11),
(371, 323, 11),
(372, 430, 11),
(373, 556, 11),
(374, 558, 11),
(375, 560, 11),
(376, 781, 11),
(377, 109, 12),
(378, 110, 12),
(379, 126, 12),
(380, 127, 12),
(381, 179, 12),
(382, 180, 12),
(383, 181, 12),
(384, 182, 12),
(385, 183, 12),
(386, 184, 12),
(387, 185, 12),
(388, 186, 12),
(389, 306, 12),
(390, 348, 12),
(391, 357, 12),
(392, 365, 12),
(393, 366, 12),
(394, 369, 12),
(395, 373, 12),
(396, 375, 12),
(397, 392, 12),
(398, 443, 12),
(399, 444, 12),
(400, 447, 12),
(401, 460, 12),
(402, 461, 12),
(403, 462, 12),
(404, 463, 12),
(405, 470, 12),
(406, 500, 12),
(407, 521, 12),
(408, 533, 12),
(409, 566, 12),
(410, 578, 12),
(411, 677, 12),
(412, 682, 12),
(413, 688, 12),
(414, 694, 12),
(415, 695, 12),
(416, 696, 12),
(417, 703, 12),
(419, 719, 12),
(420, 723, 12),
(421, 759, 12),
(422, 775, 12),
(423, 780, 12),
(424, 878, 12),
(425, 879, 12),
(426, 880, 12),
(427, 897, 12),
(428, 932, 12),
(456, 92, 14),
(457, 132, 14),
(458, 133, 14),
(459, 166, 14),
(460, 268, 14),
(461, 278, 14),
(462, 279, 14),
(463, 292, 14),
(464, 296, 14),
(465, 302, 14),
(466, 303, 14),
(467, 304, 14),
(468, 305, 14),
(469, 311, 14),
(470, 312, 14),
(471, 314, 14),
(472, 317, 14),
(473, 318, 14),
(474, 320, 14),
(475, 321, 14),
(476, 322, 14),
(477, 323, 14),
(478, 332, 14),
(479, 351, 14),
(480, 354, 14),
(481, 367, 14),
(482, 368, 14),
(483, 442, 14),
(484, 445, 14),
(485, 545, 14),
(486, 627, 14),
(487, 628, 14),
(488, 649, 14),
(489, 651, 14),
(490, 723, 14),
(491, 781, 14),
(492, 844, 14),
(493, 846, 14),
(495, 961, 14),
(496, 112, 15),
(497, 124, 15),
(498, 132, 15),
(499, 133, 15),
(500, 136, 15),
(501, 161, 15),
(502, 162, 15),
(503, 163, 15),
(504, 164, 15),
(505, 187, 15),
(506, 311, 15),
(507, 312, 15),
(508, 328, 15),
(509, 329, 15),
(510, 330, 15),
(511, 331, 15),
(512, 332, 15),
(513, 567, 15),
(514, 568, 15),
(515, 569, 15),
(516, 624, 15),
(518, 797, 15),
(519, 798, 15),
(520, 799, 15),
(521, 800, 15),
(522, 801, 15),
(523, 862, 15),
(524, 879, 15),
(525, 933, 15),
(526, 187, 16),
(527, 307, 16),
(528, 310, 16),
(529, 328, 16),
(530, 329, 16),
(531, 330, 16),
(532, 331, 16),
(533, 333, 16),
(534, 334, 16),
(535, 335, 16),
(536, 336, 16),
(537, 337, 16),
(538, 338, 16),
(539, 339, 16),
(540, 340, 16),
(541, 341, 16),
(542, 342, 16),
(543, 343, 16),
(544, 570, 16),
(546, 805, 16),
(547, 863, 16),
(548, 879, 16),
(549, 933, 16),
(550, 92, 17),
(551, 207, 17),
(552, 268, 17),
(553, 278, 17),
(554, 279, 17),
(555, 292, 17),
(556, 296, 17),
(557, 317, 17),
(558, 318, 17),
(559, 320, 17),
(560, 321, 17),
(561, 322, 17),
(562, 323, 17),
(563, 416, 17),
(564, 423, 17),
(565, 431, 17),
(566, 432, 17),
(567, 433, 17),
(568, 434, 17),
(569, 435, 17),
(570, 436, 17),
(571, 437, 17),
(572, 438, 17),
(573, 443, 17),
(574, 449, 17),
(575, 450, 17),
(576, 451, 17),
(577, 452, 17),
(578, 453, 17),
(579, 475, 17),
(580, 606, 17),
(581, 607, 17),
(582, 608, 17),
(583, 609, 17),
(584, 629, 17),
(585, 630, 17),
(586, 677, 17),
(587, 682, 17),
(588, 694, 17),
(589, 695, 17),
(590, 696, 17),
(591, 703, 17),
(592, 723, 17),
(593, 760, 17),
(594, 780, 17),
(595, 781, 17),
(596, 844, 17),
(597, 846, 17),
(599, 880, 17),
(600, 897, 17),
(601, 932, 17),
(602, 962, 17),
(603, 965, 17),
(604, 78, 18),
(605, 151, 18),
(606, 152, 18),
(607, 153, 18),
(608, 156, 18),
(609, 165, 18),
(610, 180, 18),
(611, 185, 18),
(612, 276, 18),
(613, 281, 18),
(614, 286, 18),
(615, 291, 18),
(616, 293, 18),
(617, 294, 18),
(618, 297, 18),
(619, 315, 18),
(620, 326, 18),
(621, 327, 18),
(622, 356, 18),
(623, 358, 18),
(624, 361, 18),
(625, 362, 18),
(626, 394, 18),
(627, 501, 18),
(628, 503, 18),
(629, 602, 18),
(630, 686, 18),
(631, 687, 18),
(632, 691, 18),
(633, 712, 18),
(634, 755, 18),
(635, 761, 18),
(636, 784, 18),
(637, 785, 18),
(638, 878, 18),
(639, 879, 18),
(640, 109, 19),
(641, 179, 19),
(642, 184, 19),
(643, 186, 19),
(644, 292, 19),
(645, 366, 19),
(646, 369, 19),
(647, 373, 19),
(648, 375, 19),
(649, 392, 19),
(650, 444, 19),
(651, 460, 19),
(652, 461, 19),
(653, 462, 19),
(654, 463, 19),
(655, 464, 19),
(656, 465, 19),
(657, 466, 19),
(658, 467, 19),
(659, 468, 19),
(660, 469, 19),
(661, 471, 19),
(662, 472, 19),
(663, 473, 19),
(664, 474, 19),
(665, 476, 19),
(666, 477, 19),
(667, 478, 19),
(668, 566, 19),
(669, 583, 19),
(670, 683, 19),
(671, 688, 19),
(672, 699, 19),
(674, 719, 19),
(675, 723, 19),
(676, 761, 19),
(677, 855, 19),
(678, 876, 19),
(679, 897, 19),
(680, 6, 20),
(681, 76, 20),
(682, 81, 20),
(683, 84, 20),
(684, 237, 20),
(685, 464, 20),
(686, 465, 20),
(687, 466, 20),
(688, 579, 20),
(689, 699, 20),
(690, 855, 20),
(691, 49, 21),
(692, 50, 21),
(693, 62, 21),
(694, 63, 21),
(695, 64, 21),
(696, 116, 21),
(697, 117, 21),
(698, 118, 21),
(699, 119, 21),
(700, 120, 21),
(701, 137, 21),
(702, 138, 21),
(703, 139, 21),
(704, 143, 21),
(705, 159, 21),
(706, 160, 21),
(707, 346, 21),
(708, 347, 21),
(709, 557, 21),
(710, 773, 21),
(711, 810, 21),
(712, 811, 21),
(713, 813, 21),
(714, 814, 21),
(715, 815, 21),
(716, 867, 21),
(717, 49, 22),
(718, 50, 22),
(719, 51, 22),
(720, 62, 22),
(721, 63, 22),
(722, 64, 22),
(723, 141, 22),
(724, 142, 22),
(725, 355, 22),
(726, 359, 22),
(727, 360, 22),
(728, 363, 22),
(729, 372, 22),
(730, 577, 22),
(731, 580, 22),
(732, 581, 22),
(733, 716, 22),
(734, 720, 22),
(735, 820, 22),
(736, 824, 22),
(737, 826, 22),
(738, 861, 22),
(739, 865, 22),
(740, 914, 22),
(741, 915, 22),
(742, 916, 22),
(743, 917, 22),
(744, 918, 22),
(745, 922, 22),
(746, 923, 22),
(747, 925, 22),
(748, 928, 22),
(749, 929, 22),
(750, 930, 22),
(751, 931, 22),
(752, 941, 22),
(753, 111, 23),
(754, 112, 23),
(755, 113, 23),
(756, 114, 23),
(757, 115, 23),
(758, 121, 23),
(759, 122, 23),
(760, 123, 23),
(761, 124, 23),
(762, 125, 23),
(763, 129, 23),
(764, 137, 23),
(765, 138, 23),
(766, 139, 23),
(767, 140, 23),
(768, 151, 23),
(769, 160, 23),
(770, 181, 23),
(771, 182, 23),
(772, 183, 23),
(773, 268, 23),
(774, 280, 23),
(775, 363, 23),
(776, 441, 23),
(777, 540, 23),
(778, 541, 23),
(780, 615, 23),
(781, 616, 23),
(782, 711, 23),
(783, 712, 23),
(784, 714, 23),
(785, 715, 23),
(786, 744, 23),
(787, 826, 23),
(788, 838, 23),
(789, 839, 23),
(790, 858, 23),
(791, 921, 23),
(792, 922, 23),
(793, 923, 23),
(794, 963, 23),
(795, 5, 24),
(796, 36, 24),
(797, 47, 24),
(798, 57, 24),
(799, 58, 24),
(800, 59, 24),
(801, 148, 24),
(802, 149, 24),
(803, 197, 24),
(804, 198, 24),
(805, 199, 24),
(806, 200, 24),
(807, 201, 24),
(808, 202, 24),
(809, 479, 24),
(810, 482, 24),
(811, 584, 24),
(812, 585, 24),
(813, 702, 24),
(814, 713, 24),
(815, 757, 24),
(816, 762, 24),
(817, 771, 24),
(818, 772, 24),
(819, 774, 24),
(820, 776, 24),
(821, 777, 24),
(822, 808, 24),
(823, 809, 24),
(824, 816, 24),
(825, 817, 24),
(826, 819, 24),
(827, 830, 24),
(828, 831, 24),
(829, 864, 24),
(830, 892, 24),
(831, 926, 24),
(832, 49, 25),
(833, 50, 25),
(834, 51, 25),
(835, 52, 25),
(836, 53, 25),
(837, 54, 25),
(838, 55, 25),
(839, 60, 25),
(840, 61, 25),
(841, 62, 25),
(842, 63, 25),
(843, 64, 25),
(844, 145, 25),
(845, 146, 25),
(846, 349, 25),
(847, 350, 25),
(848, 407, 25),
(849, 408, 25),
(850, 415, 25),
(851, 419, 25),
(852, 422, 25),
(853, 481, 25),
(854, 482, 25),
(855, 483, 25),
(856, 484, 25),
(857, 485, 25),
(858, 486, 25),
(859, 489, 25),
(860, 490, 25),
(861, 491, 25),
(862, 492, 25),
(863, 493, 25),
(864, 494, 25),
(865, 495, 25),
(866, 498, 25),
(867, 499, 25),
(868, 506, 25),
(869, 508, 25),
(870, 509, 25),
(871, 529, 25),
(872, 534, 25),
(873, 542, 25),
(874, 702, 25),
(875, 724, 25),
(876, 767, 25),
(877, 777, 25),
(878, 827, 25),
(879, 837, 25),
(880, 935, 25),
(881, 937, 25),
(897, 725, 26),
(902, 790, 26),
(908, 6, 27),
(909, 76, 27),
(910, 81, 27),
(911, 84, 27),
(912, 237, 27),
(913, 366, 27),
(914, 369, 27),
(915, 373, 27),
(916, 375, 27),
(917, 392, 27),
(918, 429, 27),
(919, 444, 27),
(920, 460, 27),
(921, 461, 27),
(922, 462, 27),
(923, 463, 27),
(924, 464, 27),
(925, 465, 27),
(926, 466, 27),
(927, 566, 27),
(928, 579, 27),
(929, 583, 27),
(930, 699, 27),
(931, 855, 27),
(932, 30, 28),
(933, 85, 28),
(934, 157, 28),
(935, 167, 28),
(936, 168, 28),
(937, 169, 28),
(938, 170, 28),
(939, 189, 28),
(940, 190, 28),
(941, 193, 28),
(942, 213, 28),
(943, 218, 28),
(944, 219, 28),
(945, 379, 28),
(946, 507, 28),
(947, 510, 28),
(948, 525, 28),
(950, 709, 28),
(951, 735, 28),
(952, 737, 28),
(953, 739, 28),
(954, 841, 28),
(955, 32, 29),
(956, 33, 29),
(957, 34, 29),
(958, 188, 29),
(959, 194, 29),
(960, 195, 29),
(961, 204, 29),
(962, 205, 29),
(963, 420, 29),
(964, 421, 29),
(965, 591, 29),
(966, 592, 29),
(967, 593, 29),
(968, 594, 29),
(969, 595, 29),
(970, 623, 29),
(971, 849, 29),
(972, 850, 29),
(973, 851, 29),
(974, 852, 29),
(975, 853, 29),
(976, 854, 29),
(977, 10, 30),
(978, 11, 30),
(979, 29, 30),
(980, 213, 30),
(981, 214, 30),
(982, 217, 30),
(983, 241, 30),
(984, 242, 30),
(985, 377, 30),
(986, 596, 30),
(988, 706, 30),
(989, 728, 30),
(990, 731, 30),
(991, 841, 30),
(992, 842, 30),
(993, 909, 30),
(994, 4, 31),
(995, 88, 31),
(996, 89, 31),
(997, 172, 31),
(998, 173, 31),
(999, 174, 31),
(1000, 175, 31),
(1001, 176, 31),
(1002, 181, 31),
(1003, 182, 31),
(1004, 183, 31),
(1005, 184, 31),
(1006, 189, 31),
(1007, 190, 31),
(1008, 191, 31),
(1009, 192, 31),
(1010, 282, 31),
(1011, 283, 31),
(1012, 284, 31),
(1013, 288, 31),
(1014, 289, 31),
(1015, 298, 31),
(1016, 299, 31),
(1017, 300, 31),
(1018, 301, 31),
(1019, 302, 31),
(1020, 303, 31),
(1021, 365, 31),
(1022, 369, 31),
(1023, 381, 31),
(1024, 504, 31),
(1025, 505, 31),
(1026, 527, 31),
(1027, 559, 31),
(1028, 582, 31),
(1029, 586, 31),
(1030, 589, 31),
(1031, 626, 31),
(1032, 728, 31),
(1033, 729, 31),
(1034, 730, 31),
(1035, 731, 31),
(1036, 732, 31),
(1037, 795, 31),
(1038, 860, 31),
(1039, 883, 31),
(1040, 908, 31),
(1041, 88, 32),
(1042, 89, 32),
(1043, 132, 32),
(1044, 133, 32),
(1045, 166, 32),
(1046, 302, 32),
(1047, 303, 32),
(1048, 304, 32),
(1049, 305, 32),
(1050, 311, 32),
(1051, 312, 32),
(1052, 313, 32),
(1053, 314, 32),
(1054, 325, 32),
(1055, 332, 32),
(1056, 370, 32),
(1057, 371, 32),
(1058, 374, 32),
(1059, 395, 32),
(1060, 396, 32),
(1061, 397, 32),
(1062, 398, 32),
(1063, 399, 32),
(1064, 400, 32),
(1065, 401, 32),
(1066, 402, 32),
(1067, 403, 32),
(1068, 404, 32),
(1069, 405, 32),
(1070, 406, 32),
(1071, 409, 32),
(1072, 411, 32),
(1073, 412, 32),
(1074, 414, 32),
(1076, 418, 32),
(1077, 575, 32),
(1078, 875, 32),
(1079, 12, 33),
(1080, 13, 33),
(1081, 26, 33),
(1082, 27, 33),
(1083, 34, 33),
(1084, 56, 33),
(1085, 58, 33),
(1086, 59, 33),
(1087, 148, 33),
(1088, 149, 33),
(1089, 172, 33),
(1090, 192, 33),
(1091, 194, 33),
(1092, 195, 33),
(1093, 197, 33),
(1094, 198, 33),
(1095, 199, 33),
(1096, 200, 33),
(1097, 201, 33),
(1098, 202, 33),
(1099, 203, 33),
(1100, 204, 33),
(1101, 205, 33),
(1102, 232, 33),
(1103, 233, 33),
(1104, 381, 33),
(1105, 534, 33),
(1106, 543, 33),
(1107, 586, 33),
(1108, 648, 33),
(1109, 705, 33),
(1110, 706, 33),
(1111, 707, 33),
(1112, 708, 33),
(1113, 726, 33),
(1114, 728, 33),
(1115, 729, 33),
(1116, 730, 33),
(1117, 731, 33),
(1118, 732, 33),
(1119, 733, 33),
(1120, 738, 33),
(1121, 740, 33),
(1122, 741, 33),
(1123, 742, 33),
(1124, 747, 33),
(1125, 756, 33),
(1126, 763, 33),
(1127, 791, 33),
(1128, 792, 33),
(1129, 794, 33),
(1130, 825, 33),
(1131, 830, 33),
(1132, 831, 33),
(1133, 906, 33),
(1134, 907, 33),
(1135, 908, 33),
(1136, 909, 33),
(1137, 926, 33),
(1138, 927, 33),
(1139, 947, 34),
(1140, 973, 34),
(1141, 2, 35),
(1142, 3, 35),
(1143, 4, 35),
(1144, 18, 35),
(1145, 38, 35),
(1146, 39, 35),
(1147, 41, 35),
(1148, 42, 35),
(1149, 43, 35),
(1150, 44, 35),
(1151, 45, 35),
(1152, 46, 35),
(1153, 48, 35),
(1154, 67, 35),
(1155, 68, 35),
(1156, 69, 35),
(1157, 70, 35),
(1158, 75, 35),
(1159, 245, 35),
(1160, 246, 35),
(1161, 257, 35),
(1162, 258, 35),
(1163, 259, 35),
(1164, 260, 35),
(1165, 261, 35),
(1166, 448, 35),
(1167, 550, 35),
(1168, 745, 35),
(1169, 750, 35),
(1170, 752, 35),
(1171, 845, 35),
(1172, 846, 35),
(1174, 900, 35),
(1175, 902, 35),
(1176, 905, 35),
(1177, 12, 36),
(1178, 13, 36),
(1179, 15, 36),
(1180, 23, 36),
(1181, 26, 36),
(1182, 27, 36),
(1183, 65, 36),
(1184, 104, 36),
(1185, 172, 36),
(1186, 173, 36),
(1187, 174, 36),
(1188, 175, 36),
(1189, 176, 36),
(1190, 188, 36),
(1191, 189, 36),
(1192, 190, 36),
(1193, 191, 36),
(1194, 192, 36),
(1195, 221, 36),
(1196, 226, 36),
(1197, 227, 36),
(1198, 228, 36),
(1199, 229, 36),
(1200, 230, 36),
(1201, 231, 36),
(1202, 232, 36),
(1203, 233, 36),
(1204, 238, 36),
(1205, 239, 36),
(1206, 381, 36),
(1207, 543, 36),
(1208, 586, 36),
(1209, 646, 36),
(1210, 705, 36),
(1211, 706, 36),
(1212, 707, 36),
(1213, 708, 36),
(1214, 727, 36),
(1215, 728, 36),
(1216, 729, 36),
(1217, 730, 36),
(1218, 731, 36),
(1219, 732, 36),
(1220, 733, 36),
(1221, 734, 36),
(1222, 736, 36),
(1223, 740, 36),
(1224, 741, 36),
(1225, 769, 36),
(1226, 881, 36),
(1227, 908, 36),
(1228, 909, 36),
(1229, 939, 36),
(1230, 940, 36),
(1231, 942, 36),
(1232, 943, 36),
(1233, 945, 36),
(1234, 2, 37),
(1235, 4, 37),
(1236, 38, 37),
(1237, 39, 37),
(1238, 92, 37),
(1239, 105, 37),
(1240, 106, 37),
(1241, 130, 37),
(1242, 177, 37),
(1243, 207, 37),
(1244, 270, 37),
(1245, 271, 37),
(1246, 278, 37),
(1247, 279, 37),
(1248, 284, 37),
(1249, 317, 37),
(1250, 318, 37),
(1251, 366, 37),
(1252, 373, 37),
(1253, 392, 37),
(1254, 416, 37),
(1255, 423, 37),
(1256, 433, 37),
(1257, 434, 37),
(1258, 436, 37),
(1259, 443, 37),
(1260, 444, 37),
(1261, 461, 37),
(1262, 463, 37),
(1263, 475, 37),
(1264, 535, 37),
(1265, 566, 37),
(1266, 576, 37),
(1267, 607, 37),
(1268, 629, 37),
(1269, 665, 37),
(1270, 666, 37),
(1271, 668, 37),
(1272, 670, 37),
(1273, 674, 37),
(1274, 680, 37),
(1275, 694, 37),
(1276, 695, 37),
(1277, 696, 37),
(1278, 703, 37),
(1279, 723, 37),
(1280, 760, 37),
(1281, 779, 37),
(1282, 845, 37),
(1283, 4, 38),
(1284, 89, 38),
(1285, 125, 38),
(1286, 132, 38),
(1287, 136, 38),
(1288, 163, 38),
(1289, 164, 38),
(1290, 181, 38),
(1291, 182, 38),
(1292, 183, 38),
(1293, 184, 38),
(1294, 282, 38),
(1295, 283, 38),
(1296, 284, 38),
(1297, 288, 38),
(1298, 289, 38),
(1299, 298, 38),
(1300, 299, 38),
(1301, 300, 38),
(1302, 301, 38),
(1303, 365, 38),
(1304, 369, 38),
(1305, 370, 38),
(1306, 412, 38),
(1308, 418, 38),
(1309, 521, 38),
(1310, 539, 38),
(1311, 549, 38),
(1312, 551, 38),
(1313, 554, 38),
(1314, 559, 38),
(1315, 561, 38),
(1316, 575, 38),
(1317, 582, 38),
(1318, 589, 38),
(1319, 624, 38),
(1320, 626, 38),
(1321, 795, 38),
(1322, 862, 38),
(1323, 875, 38),
(1324, 62, 39),
(1325, 63, 39),
(1326, 64, 39),
(1327, 116, 39),
(1328, 117, 39),
(1329, 138, 39),
(1330, 139, 39),
(1331, 140, 39),
(1332, 330, 39),
(1333, 331, 39),
(1334, 333, 39),
(1335, 334, 39),
(1336, 335, 39),
(1337, 338, 39),
(1338, 339, 39),
(1339, 340, 39),
(1340, 341, 39),
(1341, 342, 39),
(1342, 343, 39),
(1343, 363, 39),
(1344, 562, 39),
(1345, 563, 39),
(1346, 570, 39),
(1347, 580, 39),
(1348, 615, 39),
(1349, 616, 39),
(1350, 656, 39),
(1351, 658, 39),
(1353, 805, 39),
(1354, 826, 39),
(1355, 863, 39),
(1356, 879, 39),
(1357, 914, 39),
(1358, 916, 39),
(1359, 941, 39),
(1360, 36, 40),
(1361, 47, 40),
(1362, 49, 40),
(1363, 50, 40),
(1364, 51, 40),
(1365, 52, 40),
(1366, 53, 40),
(1367, 54, 40),
(1368, 55, 40),
(1369, 57, 40),
(1370, 58, 40),
(1371, 59, 40),
(1372, 200, 40),
(1373, 201, 40),
(1374, 202, 40),
(1375, 349, 40),
(1376, 482, 40),
(1377, 483, 40),
(1378, 484, 40),
(1379, 485, 40),
(1380, 486, 40),
(1381, 489, 40),
(1382, 490, 40),
(1383, 491, 40),
(1384, 492, 40),
(1385, 493, 40),
(1386, 494, 40),
(1387, 495, 40),
(1388, 498, 40),
(1389, 506, 40),
(1390, 508, 40),
(1391, 509, 40),
(1392, 542, 40),
(1393, 584, 40),
(1394, 585, 40),
(1395, 702, 40),
(1396, 724, 40),
(1397, 757, 40),
(1398, 762, 40),
(1399, 767, 40),
(1400, 771, 40),
(1401, 772, 40),
(1402, 774, 40),
(1403, 776, 40),
(1404, 777, 40),
(1405, 808, 40),
(1406, 809, 40),
(1407, 816, 40),
(1408, 817, 40),
(1409, 819, 40),
(1410, 830, 40),
(1411, 837, 40),
(1412, 869, 40),
(1413, 892, 40),
(1414, 935, 40),
(1415, 79, 41),
(1416, 80, 41),
(1417, 82, 41),
(1418, 83, 41),
(1419, 93, 41),
(1420, 94, 41),
(1421, 95, 41),
(1422, 105, 41),
(1423, 108, 41),
(1424, 109, 41),
(1425, 110, 41),
(1426, 129, 41),
(1427, 130, 41),
(1428, 134, 41),
(1429, 135, 41),
(1430, 183, 41),
(1431, 386, 41),
(1432, 387, 41),
(1433, 388, 41),
(1434, 389, 41),
(1435, 390, 41),
(1436, 430, 41),
(1437, 548, 41),
(1438, 558, 41),
(1439, 599, 41),
(1440, 600, 41),
(1441, 603, 41),
(1442, 605, 41),
(1443, 614, 41),
(1444, 665, 41),
(1445, 666, 41),
(1446, 680, 41),
(1447, 765, 41),
(1448, 836, 41),
(1449, 876, 41),
(1450, 109, 42),
(1451, 110, 42),
(1452, 129, 42),
(1453, 183, 42),
(1454, 207, 42),
(1455, 292, 42),
(1456, 296, 42),
(1457, 315, 42),
(1458, 376, 42),
(1459, 380, 42),
(1460, 382, 42),
(1461, 383, 42),
(1462, 384, 42),
(1463, 385, 42),
(1464, 391, 42),
(1465, 393, 42),
(1466, 410, 42),
(1467, 426, 42),
(1468, 427, 42),
(1469, 431, 42),
(1470, 432, 42),
(1471, 433, 42),
(1472, 434, 42),
(1473, 435, 42),
(1474, 436, 42),
(1475, 437, 42),
(1476, 438, 42),
(1477, 443, 42),
(1478, 447, 42),
(1479, 453, 42),
(1480, 454, 42),
(1481, 455, 42),
(1482, 456, 42),
(1483, 465, 42),
(1484, 467, 42),
(1485, 468, 42),
(1486, 469, 42),
(1487, 470, 42),
(1488, 476, 42),
(1489, 477, 42),
(1490, 478, 42),
(1491, 502, 42),
(1492, 503, 42),
(1493, 516, 42),
(1494, 521, 42),
(1495, 571, 42),
(1496, 572, 42),
(1497, 573, 42),
(1498, 574, 42),
(1499, 587, 42),
(1500, 588, 42),
(1501, 590, 42),
(1502, 604, 42),
(1503, 606, 42),
(1504, 607, 42),
(1505, 608, 42),
(1506, 609, 42),
(1507, 618, 42),
(1508, 620, 42),
(1509, 621, 42),
(1510, 629, 42),
(1511, 630, 42),
(1512, 683, 42),
(1513, 691, 42),
(1514, 695, 42),
(1515, 696, 42),
(1516, 699, 42),
(1517, 703, 42),
(1518, 723, 42),
(1519, 759, 42),
(1520, 780, 42),
(1521, 785, 42),
(1522, 786, 42),
(1523, 787, 42),
(1524, 788, 42),
(1525, 897, 42),
(1526, 932, 42),
(1527, 9, 43),
(1528, 12, 43),
(1529, 13, 43),
(1530, 26, 43),
(1531, 27, 43),
(1532, 86, 43),
(1533, 216, 43),
(1534, 220, 43),
(1535, 228, 43),
(1536, 229, 43),
(1537, 230, 43),
(1538, 309, 43),
(1539, 459, 43),
(1540, 487, 43),
(1541, 496, 43),
(1542, 512, 43),
(1543, 513, 43),
(1544, 514, 43),
(1545, 515, 43),
(1546, 517, 43),
(1547, 518, 43),
(1548, 519, 43),
(1549, 520, 43),
(1550, 522, 43),
(1551, 523, 43),
(1552, 528, 43),
(1553, 555, 43),
(1555, 705, 43),
(1556, 707, 43),
(1557, 708, 43),
(1558, 726, 43),
(1559, 727, 43),
(1560, 738, 43),
(1561, 740, 43),
(1562, 741, 43),
(1563, 756, 43),
(1564, 763, 43),
(1565, 791, 43),
(1566, 792, 43),
(1567, 794, 43),
(1568, 812, 43),
(1569, 945, 43),
(1570, 5, 44),
(1571, 15, 44),
(1572, 16, 44),
(1573, 17, 44),
(1574, 18, 44),
(1575, 151, 44),
(1576, 177, 44),
(1577, 185, 44),
(1578, 186, 44),
(1579, 192, 44),
(1580, 203, 44),
(1581, 204, 44),
(1582, 205, 44),
(1583, 280, 44),
(1584, 381, 44),
(1585, 497, 44),
(1586, 526, 44),
(1587, 597, 44),
(1588, 672, 44),
(1589, 679, 44),
(1590, 689, 44),
(1591, 690, 44),
(1592, 697, 44),
(1593, 698, 44),
(1594, 701, 44),
(1595, 711, 44),
(1596, 715, 44),
(1597, 717, 44),
(1598, 728, 44),
(1599, 730, 44),
(1600, 732, 44),
(1601, 744, 44),
(1602, 769, 44),
(1603, 878, 44),
(1604, 884, 44),
(1605, 894, 44),
(1606, 906, 44),
(1607, 933, 44),
(1608, 20, 45),
(1609, 21, 45),
(1610, 22, 45),
(1611, 23, 45),
(1612, 34, 45),
(1613, 35, 45),
(1614, 36, 45),
(1615, 129, 45),
(1616, 172, 45),
(1617, 178, 45),
(1618, 179, 45),
(1619, 180, 45),
(1620, 194, 45),
(1621, 195, 45),
(1622, 441, 45),
(1623, 458, 45),
(1624, 488, 45),
(1625, 586, 45),
(1626, 633, 45),
(1627, 710, 45),
(1628, 712, 45),
(1629, 714, 45),
(1630, 718, 45),
(1631, 729, 45),
(1632, 731, 45),
(1633, 778, 45),
(1634, 807, 45),
(1635, 848, 45),
(1636, 869, 45),
(1637, 882, 45),
(1638, 885, 45),
(1639, 886, 45),
(1640, 887, 45),
(1641, 888, 45),
(1642, 889, 45),
(1643, 890, 45),
(1644, 907, 45),
(1645, 908, 45),
(1646, 2, 46),
(1647, 3, 46),
(1648, 8, 46),
(1649, 12, 46),
(1650, 13, 46),
(1651, 15, 46),
(1652, 16, 46),
(1653, 17, 46),
(1654, 29, 46),
(1655, 31, 46),
(1656, 707, 46),
(1657, 708, 46),
(1658, 740, 46),
(1659, 745, 46),
(1660, 746, 46),
(1661, 768, 46),
(1662, 840, 46),
(1663, 846, 46),
(1664, 847, 46),
(1665, 856, 46),
(1666, 868, 46),
(1667, 871, 46),
(1668, 19, 47),
(1669, 20, 47),
(1670, 21, 47),
(1671, 22, 47),
(1672, 24, 47),
(1673, 26, 47),
(1674, 27, 47),
(1675, 38, 47),
(1676, 39, 47),
(1677, 176, 47),
(1678, 479, 47),
(1679, 487, 47),
(1680, 705, 47),
(1681, 709, 47),
(1682, 735, 47),
(1683, 737, 47),
(1684, 739, 47),
(1685, 741, 47),
(1686, 770, 47),
(1687, 845, 47),
(1688, 870, 47),
(1689, 877, 47),
(1691, 28, 48),
(1692, 87, 48),
(1693, 90, 48),
(1694, 91, 48),
(1695, 96, 48),
(1696, 98, 48),
(1697, 100, 48),
(1698, 101, 48),
(1699, 131, 48),
(1700, 144, 48),
(1701, 147, 48),
(1702, 154, 48),
(1703, 155, 48),
(1704, 158, 48),
(1705, 196, 48),
(1706, 222, 48),
(1707, 223, 48),
(1708, 224, 48),
(1709, 272, 48),
(1710, 316, 48),
(1711, 319, 48),
(1712, 324, 48),
(1713, 344, 48),
(1714, 345, 48),
(1715, 352, 48),
(1716, 446, 48),
(1717, 524, 48),
(1718, 525, 48),
(1719, 721, 48),
(1720, 758, 48),
(1721, 841, 48),
(1722, 893, 48),
(1723, 248, 49),
(1724, 293, 49),
(1725, 295, 49),
(1726, 308, 49),
(1727, 532, 49),
(1728, 555, 49),
(1729, 564, 49),
(1730, 631, 49),
(1731, 637, 49),
(1732, 638, 49),
(1733, 639, 49),
(1734, 640, 49),
(1735, 641, 49),
(1736, 642, 49),
(1737, 643, 49),
(1738, 645, 49),
(1739, 647, 49),
(1740, 693, 49),
(1741, 751, 49),
(1742, 753, 49),
(1743, 818, 49),
(1744, 828, 49),
(1745, 829, 49),
(1746, 832, 49),
(1747, 833, 49),
(1748, 834, 49),
(1749, 835, 49),
(1750, 903, 49),
(1751, 171, 50),
(1752, 206, 50),
(1753, 285, 50),
(1754, 293, 50),
(1755, 295, 50),
(1756, 378, 50),
(1757, 480, 50),
(1758, 537, 50),
(1759, 555, 50),
(1760, 612, 50),
(1761, 635, 50),
(1762, 638, 50),
(1763, 639, 50),
(1764, 640, 50),
(1765, 641, 50),
(1766, 642, 50),
(1767, 692, 50),
(1768, 700, 50),
(1769, 743, 50),
(1770, 750, 50),
(1771, 752, 50),
(1772, 834, 50),
(1773, 835, 50),
(1774, 843, 50),
(1775, 901, 50),
(1776, 902, 50),
(1777, 912, 50),
(1784, 882, 53),
(1785, 894, 53),
(1786, 898, 53),
(1788, 944, 53),
(1789, 946, 53),
(1792, 968, 55),
(1793, 970, 55),
(1802, 948, 58),
(1803, 949, 58),
(1804, 950, 58),
(1805, 951, 58),
(1806, 952, 58),
(1807, 953, 58),
(1808, 954, 58),
(1809, 598, 43),
(1810, 841, 43),
(1811, 841, 29),
(1812, 527, 46),
(1815, 976, 12),
(1816, 978, 12),
(1817, 979, 32),
(1818, 111, 32),
(1819, 125, 32),
(1820, 112, 32),
(1821, 124, 32),
(1822, 331, 32),
(1823, 331, 26),
(1824, 328, 26),
(1825, 328, 32),
(1826, 330, 32),
(1827, 330, 26),
(1828, 329, 26),
(1830, 329, 32),
(1831, 178, 32),
(1832, 187, 32),
(1834, 735, 29),
(1835, 737, 29),
(1836, 507, 29),
(1837, 739, 29),
(1838, 213, 29),
(1839, 975, 29),
(1840, 980, 23),
(1841, 980, 17),
(1842, 235, 17),
(1843, 235, 23),
(1844, 37, 23),
(1845, 37, 17),
(1846, 66, 17),
(1847, 66, 23),
(1848, 981, 23),
(1849, 531, 48),
(1850, 1, 17),
(1851, 718, 26),
(1852, 933, 26),
(1853, 187, 26),
(1854, 879, 26),
(1855, 336, 26),
(1856, 338, 26),
(1857, 335, 26),
(1858, 334, 26),
(1859, 333, 26),
(1860, 343, 26),
(1861, 982, 26),
(1862, 983, 26),
(1863, 984, 26),
(1864, 985, 26),
(1865, 986, 26),
(1868, 989, 26),
(1869, 988, 26),
(1872, 991, 58),
(1873, 992, 58),
(1874, 990, 58),
(1875, 924, 4),
(1876, 994, 10),
(1877, 993, 24),
(1878, 995, 14),
(1879, 996, 12),
(1880, 996, 19),
(1881, 997, 18),
(1882, 247, 35),
(1883, 998, 46),
(1884, 999, 11),
(1885, 999, 14),
(1886, 999, 17),
(1887, 213, 43),
(1888, 1000, 18),
(1889, 977, 12),
(1890, 479, 59),
(1891, 719, 59),
(1892, 186, 59),
(1893, 179, 59),
(1894, 185, 59),
(1895, 180, 59),
(1896, 717, 59),
(1897, 129, 59),
(1898, 151, 59),
(1899, 712, 59),
(1900, 280, 59),
(1901, 441, 59),
(1902, 687, 59),
(1903, 362, 59),
(1904, 602, 59),
(1905, 1001, 59),
(1906, 1002, 59),
(1907, 1003, 59),
(1908, 504, 32);

-- --------------------------------------------------------

--
-- Estructura Stand-in para la vista `vlineasconparadas`
--
CREATE TABLE IF NOT EXISTS `vlineasconparadas` (
`linea_id` int(11)
,`linea_nombre` text
,`_id` int(11)
,`numero` int(11)
,`nombre` text
,`direccion` text
,`latitud` double
,`longitud` double
);
-- --------------------------------------------------------

--
-- Estructura para la vista `vlineasconparadas`
--
DROP TABLE IF EXISTS `vlineasconparadas`;

CREATE ALGORITHM=UNDEFINED DEFINER=`root`@`localhost` SQL SECURITY DEFINER VIEW `vlineasconparadas` AS select `l`.`_id` AS `linea_id`,`l`.`nombre` AS `linea_nombre`,`p`.`_id` AS `_id`,`p`.`numero` AS `numero`,`p`.`nombre` AS `nombre`,`p`.`direccion` AS `direccion`,`p`.`latitud` AS `latitud`,`p`.`longitud` AS `longitud` from ((`paradas` `p` join `relaciones` `r` on((`p`.`_id` = `r`.`parada_id`))) join `lineas` `l` on((`r`.`linea_id` = `l`.`_id`)));

/*!40101 SET CHARACTER_SET_CLIENT=@OLD_CHARACTER_SET_CLIENT */;
/*!40101 SET CHARACTER_SET_RESULTS=@OLD_CHARACTER_SET_RESULTS */;
/*!40101 SET COLLATION_CONNECTION=@OLD_COLLATION_CONNECTION */;
